"SequenceNumber","1x2 Degree Quad","ORANGENUM","2ndEdition","Auto"
"AS0003","AS",1,,1
"AS0004","AS",2,,2
"AS0005","AS",3,,3
"AS0006","AS",4,,4
"AS0007","AS",5,,5
"AS0008","AS",6,,6
"AS0009","AS",7,,7
"AS0010","AS",8,,8
"AS0010a","AS",8,,9
"AS0011","AS",9,,10
"AS0012","AS",10,,11
"AS0013","AS",13,,12
"AS0014","AS",14,,13
"AS0015","AS",11,,14
"AS0016","AS",12,,15
"AS0017","AS",15,,16
"AS0018","AS",16,,17
"AS0019","AS",17,,18
"AS0020","AS",18,,19
"AS0021","AS",19,,20
"AS0022","AS",20,,21
"AS0023","AS",21,,22
"AS0024","AS",22,,23
"AS0026","AS",23,,24
"BA0001","BA",1,,25
"BA0001a","BA",1,,26
"BA0002","BA",143,,27
"BA0003","BA",2,,28
"BA0004","BA",3,,29
"BA0005","BA",144,,30
"BA0006","BA",4,,31
"BA0007","BA",6,,32
"BA0008","BA",141,,33
"BA0009","BA",5,,34
"BA0009a","BA",5,,35
"BA0009b","BA",5,,36
"BA0010","BA",7,,37
"BA0011","BA",142,,38
"BA0012","BA",177,,39
"BA0013","BA",25,,40
"BA0014","BA",28,,41
"BA0015","BA",26,,42
"BA0015a","BA",27,,43
"BA0015b","BA",35,,44
"BA0016","BA",29,,45
"BA0017","BA",30,,46
"BA0017a","BA",30,,47
"BA0018","BA",31,,48
"BA0019","BA",34,,49
"BA0020","BA",33,,50
"BA0021","BA",156,,51
"BA0022","BA",40,,52
"BA0023","BA",48,,53
"BA0023a","BA",32,,54
"BA0024","BA",50,,55
"BA0025","BA",49,,56
"BA0026","BA",47,,57
"BA0027","BA",46,,58
"BA0028","BA",45,,59
"BA0029","BA",43,,60
"BA0030","BA",44,,61
"BA0031","BA",37,,62
"BA0032","BA",36,,63
"BA0032a","BA",36,,64
"BA0033","BA",38,,65
"BA0034","BA",39,,66
"BA0034a","BA",39,,67
"BA0034b","BA",39,,68
"BA0035","BA",42,,69
"BA0036","BA",41,,70
"BA0037","BA",51,,71
"BA0038","BA",24,,72
"BA0039","BA",53,,73
"BA0040","BA",52,,74
"BA0041","BA",54,,75
"BA0042","BA",197,,76
"BA0043","BA",55,,77
"BA0044","BA",196,,78
"BA0045","BA",198,,79
"BA0046","BA",56,,80
"BA0047","BA",57,,81
"BA0048","BA",204,,82
"BA0049","BA",58,,83
"BA0050","BA",89,,84
"BA0051","BA",86,,85
"BA0052","BA",88,,86
"BA0053","BA",87,,87
"BA0054","BA",85,,88
"BA0055","BA",84,,89
"BA0056","BA",80,,90
"BA0057","BA",83,,91
"BA0058","BA",82,,92
"BA0059","BA",81,,93
"BA0059a","BA",81,,94
"BA0060","BA",79,,95
"BA0061","BA",78,,96
"BA0062","BA",77,,97
"BA0063","BA",76,,98
"BA0063a","BA",76,,99
"BA0064","BA",75,,100
"BA0064a","BA",75,,101
"BA0065","BA",74,,102
"BA0066","BA",73,,103
"BA0066a","BA",73,,104
"BA0067","BA",72,,105
"BA0068","BA",71,,106
"BA0068a","BA",64,,107
"BA0069","BA",70,,108
"BA0070","BA",69,,109
"BA0070a","BA",69,,110
"BA0071","BA",68,,111
"BA0072","BA",65,,112
"BA0073","BA",160,,113
"BA0074","BA",67,,114
"BA0075","BA",159,,115
"BA0076","BA",59,,116
"BA0077","BA",60,,117
"BA0078","BA",63,,118
"BA0079","BA",62,,119
"BA0080","BA",61,,120
"BA0081","BA",66,,121
"BA0082","BA",90,,122
"BA0083","BA",91,,123
"BA0084","BA",92,,124
"BA0085","BA",93,,125
"BA0086","BA",100,,126
"BA0087","BA",101,,127
"BA0088","BA",167,,128
"BA0089","BA",145,,129
"BA0090","BA",146,,130
"BA0091","BA",147,,131
"BA0092","BA",148,,132
"BA0093","BA",149,,133
"BA0094","BA",150,,134
"BA0095","BA",9,,135
"BA0096","BA",151,,136
"BA0097","BA",8,,137
"BA0098","BA",152,,138
"BA0099","BA",153,,139
"BA0100","BA",154,,140
"BA0101","BA",12,,141
"BA0102","BA",11,,142
"BA0103","BA",168,,143
"BA0104","BA",10,,144
"BA0105","BA",191,,145
"BA0106","BA",13,,146
"BA0106a","BA",13,,147
"BA0107","BA",14,,148
"BA0108","BA",15,,149
"BA0109","BA",170,,150
"BA0110","BA",171,,151
"BA0111","BA",16,,152
"BA0112","BA",17,,153
"BA0113","BA",23,,154
"BA0114","BA",178,,155
"BA0115","BA",22,,156
"BA0116","BA",21,,157
"BA0117","BA",179,,158
"BA0118","BA",20,,159
"BA0119","BA",19,,160
"BA0120","BA",18,,161
"BA0120a","BA",18,,162
"BA0121","BA",95,,163
"BA0122","BA",158,,164
"BA0123","BA",96,,165
"BA0124","BA",192,,166
"BA0125","BA",97,,167
"BA0126","BA",98,,168
"BA0127","BA",157,,169
"BA0128","BA",94,,170
"BA0129","BA",162,,171
"BA0130","BA",163,,172
"BA0131","BA",102,,173
"BA0132","BA",165,,174
"BA0133","BA",105,,175
"BA0134","BA",106,,176
"BA0135","BA",103,,177
"BA0136","BA",104,,178
"BA0137","BA",107,,179
"BA0138","BA",164,,180
"BA0139","BA",174,,181
"BA0140","BA",202,,182
"BA0141","BA",112,,183
"BA0142","BA",203,,184
"BA0143","BA",114,,185
"BA0144","BA",113,,186
"BA0145","BA",173,,187
"BA0146","BA",201,,188
"BA0147","BA",115,,189
"BA0148","BA",111,,190
"BA0149","BA",110,,191
"BA0150","BA",109,,192
"BA0150a","BA",109,,193
"BA0151","BA",108,,194
"BA0152","BA",118,,195
"BA0153","BA",119,,196
"BA0154","BA",116,,197
"BA0155","BA",117,,198
"BA0156","BA",205,,199
"BA0157","BA",172,,200
"BA0158","BA",195,,201
"BA0159","BA",120,,202
"BA0160","BA",121,,203
"BA0161","BA",122,,204
"BA0162","BA",123,,205
"BA0163","BA",124,,206
"BA0164","BA",125,,207
"BA0164a","BA",125,,208
"BA0165","BA",127,,209
"BA0166","BA",189,,210
"BA0167","BA",126,,211
"BA0168","BA",199,,212
"BA0169","BA",182,,213
"BA0170","BA",200,,214
"BA0171","BA",136,,215
"BA0171a","BA",136,,216
"BA0172","BA",180,,217
"BA0173","BA",183,,218
"BA0174","BA",137,,219
"BA0174a","BA",137,,220
"BA0174b","BA",137,,221
"BA0175","BA",135,,222
"BA0176","BA",134,,223
"BA0177","BA",186,,224
"BA0178","BA",139,,225
"BA0178a","BA",139,,226
"BA0179","BA",185,,227
"BA0180","BA",138,,228
"BA0181","BA",140,,229
"BA0182","BA",176,,230
"BA0183","BA",184,,231
"BA0184","BA",188,,232
"BA0185","BA",133,,233
"BA0186","BA",132,,234
"BA0187","BA",175,,235
"BA0188","BA",194,,236
"BA0189","BA",193,,237
"BA0190","BA",99,,238
"BA0191","BA",128,,239
"BA0192","BA",129,,240
"BA0193","BA",130,,241
"BA0194","BA",181,,242
"BA0195","BA",187,,243
"BA0196","BA",190,,244
"BA0197","BA",169,,245
"BA0198","BA",131,,246
"BO0001","BO",71,,247
"BO0002","BO",1,,248
"BO0003","BO",2,,249
"BO0004","BO",3,,250
"BO0005","BO",4,,251
"BO0006","BO",404,,252
"BO0007","BO",6,,253
"BO0008","BO",5,,254
"BO0009","BO",7,,255
"BO0010","BO",8,,256
"BO0011","BO",9,,257
"BO0011a","BO",9,,258
"BO0012","BO",323,,259
"BO0013","BO",10,,260
"BO0014","BO",11,,261
"BO0015","BO",14,,262
"BO0016","BO",12,,263
"BO0017","BO",13,,264
"BO0018","BO",15,,265
"BO0019","BO",16,,266
"BO0020","BO",19,,267
"BO0021","BO",20,,268
"BO0022","BO",17,,269
"BO0023","BO",18,,270
"BO0024","BO",21,,271
"BO0025","BO",22,,272
"BO0026","BO",23,,273
"BO0027","BO",25,,274
"BO0028","BO",24,,275
"BO0029","BO",29,,276
"BO0030","BO",28,,277
"BO0031","BO",32,,278
"BO0032","BO",31,,279
"BO0033","BO",27,,280
"BO0034","BO",26,,281
"BO0035","BO",30,,282
"BO0036","BO",35,,283
"BO0037","BO",33,,284
"BO0038","BO",395,,285
"BO0039","BO",36,,286
"BO0040","BO",37,,287
"BO0041","BO",351,,288
"BO0042","BO",39,,289
"BO0043","BO",38,,290
"BO0044","BO",40,,291
"BO0045","BO",41,,292
"BO0046","BO",45,,293
"BO0047","BO",46,,294
"BO0048","BO",418,,295
"BO0049","BO",42,,296
"BO0049a","BO",60,,297
"BO0050","BO",47,,298
"BO0051","BO",57,,299
"BO0052","BO",48,,300
"BO0053","BO",54,,301
"BO0054","BO",53,,302
"BO0055","BO",52,,303
"BO0056","BO",51,,304
"BO0057","BO",50,,305
"BO0057a","BO",50,,306
"BO0058","BO",49,,307
"BO0059","BO",55,,308
"BO0060","BO",58,,309
"BO0060a","BO",59,,310
"BO0061","BO",56,,311
"BO0062","BO",61,,312
"BO0063","BO",44,,313
"BO0064","BO",43,,314
"BO0065","BO",402,,315
"BO0065a","BO",402,,316
"BO0066","BO",62,,317
"BO0067","BO",63,,318
"BO0068","BO",64,,319
"BO0069","BO",65,,320
"BO0070","BO",66,,321
"BO0071","BO",441,,322
"BO0072","BO",67,,323
"BO0073","BO",68,,324
"BO0074","BO",69,,325
"BO0075","BO",400,,326
"BO0076","BO",70,,327
"BO0077","BO",72,,328
"BO0078","BO",73,,329
"BO0079","BO",432,,330
"BO0080","BO",74,,331
"BO0081","BO",76,,332
"BO0082","BO",368,,333
"BO0083","BO",75,,334
"BO0084","BO",464,,335
"BO0085","BO",436,,336
"BO0086","BO",77,,337
"BO0086a","BO",77,,338
"BO0087","BO",442,,339
"BO0088","BO",78,,340
"BO0089","BO",80,,341
"BO0090","BO",90,,342
"BO0091","BO",81,,343
"BO0092","BO",91,,344
"BO0093","BO",92,,345
"BO0094","BO",95,,346
"BO0095","BO",94,,347
"BO0096","BO",96,,348
"BO0096a","BO",96,,349
"BO0097","BO",93,,350
"BO0098","BO",82,,351
"BO0099","BO",83,,352
"BO0099a","BO",83,,353
"BO0100","BO",89,,354
"BO0100a","BO",89,,355
"BO0100b","BO",89,,356
"BO0100c","BO",89,,357
"BO0101","BO",84,,358
"BO0102","BO",88,,359
"BO0103","BO",87,,360
"BO0104","BO",99,,361
"BO0105","BO",85,,362
"BO0106","BO",86,,363
"BO0107","BO",79,,364
"BO0108","BO",97,,365
"BO0108a","BO",97,,366
"BO0108b","BO",97,,367
"BO0109","BO",98,,368
"BO0110","BO",100,,369
"BO0111","BO",101,,370
"BO0112","BO",102,,371
"BO0113","BO",397,,372
"BO0114","BO",104,,373
"BO0115","BO",466,,374
"BO0116","BO",105,,375
"BO0117","BO",458,,376
"BO0118","BO",453,,377
"BO0119","BO",459,,378
"BO0120","BO",460,,379
"BO0121","BO",106,,380
"BO0122","BO",107,,381
"BO0123","BO",455,,382
"BO0123a","BO",455,,383
"BO0124","BO",108,,384
"BO0125","BO",324,,385
"BO0125a","BO",324,,386
"BO0125b","BO",324,,387
"BO0126","BO",103,,388
"BO0126a","BO",103,,389
"BO0127","BO",109,,390
"BO0128","BO",417,,391
"BO0129","BO",111,,392
"BO0130","BO",110,,393
"BO0131","BO",325,,394
"BO0132","BO",114,,395
"BO0132a","BO",114,,396
"BO0133","BO",112,,397
"BO0133a","BO",112,,398
"BO0134","BO",117,,399
"BO0135","BO",113,,400
"BO0136","BO",116,,401
"BO0137","BO",115,,402
"BO0138","BO",118,,403
"BO0139","BO",119,,404
"BO0139a","BO",119,,405
"BO0139b","BO",119,,406
"BO0139c","BO",119,,407
"BO0140","BO",120,,408
"BO0140a","BO",120,,409
"BO0141","BO",121,,410
"BO0141a","BO",121,,411
"BO0142","BO",452,,412
"BO0143","BO",122,,413
"BO0144","BO",123,,414
"BO0144a","BO",123,,415
"BO0145","BO",468,,416
"BO0146","BO",342,,417
"BO0147","BO",135,,418
"BO0148","BO",396,,419
"BO0149","BO",136,,420
"BO0149a","BO",136,,421
"BO0149b","BO",136,,422
"BO0149c","BO",136,,423
"BO0150","BO",467,,424
"BO0151","BO",137,,425
"BO0152","BO",450,,426
"BO0152a","BO",450,,427
"BO0153","BO",133,,428
"BO0153a","BO",133,,429
"BO0154","BO",126,,430
"BO0155","BO",125,,431
"BO0156","BO",124,,432
"BO0156a","BO",124,,433
"BO0157","BO",134,,434
"BO0158","BO",138,,435
"BO0159","BO",465,,436
"BO0160","BO",461,,437
"BO0161","BO",129,,438
"BO0162","BO",128,,439
"BO0162a","BO",128,,440
"BO0162b","BO",128,,441
"BO0163","BO",127,,442
"BO0164","BO",131,,443
"BO0165","BO",132,,444
"BO0166","BO",463,,445
"BO0167","BO",352,,446
"BO0168","BO",454,,447
"BO0169","BO",143,,448
"BO0170","BO",142,,449
"BO0171","BO",146,,450
"BO0172","BO",144,,451
"BO0173","BO",145,,452
"BO0174","BO",147,,453
"BO0175","BO",139,,454
"BO0176","BO",140,,455
"BO0177","BO",141,,456
"BO0178","BO",168,,457
"BO0179","BO",166,,458
"BO0180","BO",167,,459
"BO0181","BO",148,,460
"BO0182","BO",365,,461
"BO0183","BO",163,,462
"BO0184","BO",164,,463
"BO0185","BO",457,,464
"BO0186","BO",165,,465
"BO0187","BO",149,,466
"BO0188","BO",150,,467
"BO0189","BO",169,,468
"BO0190","BO",151,,469
"BO0190a","BO",151,,470
"BO0190b","BO",151,,471
"BO0191","BO",152,,472
"BO0192","BO",153,,473
"BO0193","BO",456,,474
"BO0194","BO",367,,475
"BO0195","BO",366,,476
"BO0196","BO",161,,477
"BO0197","BO",363,,478
"BO0198","BO",364,,479
"BO0199","BO",362,,480
"BO0200","BO",361,,481
"BO0201","BO",162,,482
"BO0202","BO",160,,483
"BO0203","BO",353,,484
"BO0204","BO",354,,485
"BO0205","BO",154,,486
"BO0205a","BO",154,,487
"BO0206","BO",157,,488
"BO0207","BO",356,,489
"BO0208","BO",156,,490
"BO0209","BO",158,,491
"BO0210","BO",159,,492
"BO0210a","BO",159,,493
"BO0211","BO",355,,494
"BO0212","BO",358,,495
"BO0213","BO",359,,496
"BO0214","BO",360,,497
"BO0215","BO",462,,498
"BO0216","BO",155,,499
"BO0217","BO",445,,500
"BO0218","BO",172,,501
"BO0219","BO",372,,502
"BO0220","BO",373,,503
"BO0221","BO",428,,504
"BO0222","BO",175,,505
"BO0223","BO",174,,506
"BO0224","BO",173,,507
"BO0225","BO",438,,508
"BO0226","BO",427,,509
"BO0227","BO",327,,510
"BO0228","BO",328,,511
"BO0229","BO",425,,512
"BO0229a","BO",425,,513
"BO0230","BO",426,,514
"BO0231","BO",422,,515
"BO0232","BO",176,,516
"BO0233","BO",177,,517
"BO0234","BO",440,,518
"BO0235","BO",401,,519
"BO0236","BO",439,,520
"BO0237","BO",375,,521
"BO0238","BO",374,,522
"BO0239","BO",371,,523
"BO0240","BO",398,,524
"BO0241","BO",186,,525
"BO0242","BO",187,,526
"BO0243","BO",403,,527
"BO0244","BO",185,,528
"BO0245","BO",184,,529
"BO0246","BO",183,,530
"BO0247","BO",326,,531
"BO0248","BO",181,,532
"BO0249","BO",182,,533
"BO0250","BO",180,,534
"BO0251","BO",179,,535
"BO0252","BO",178,,536
"BO0253","BO",369,,537
"BO0254","BO",198,,538
"BO0255","BO",376,,539
"BO0256","BO",199,,540
"BO0257","BO",349,,541
"BO0258","BO",200,,542
"BO0259","BO",188,,543
"BO0260","BO",189,,544
"BO0260a","BO",189,,545
"BO0261","BO",190,,546
"BO0262","BO",191,,547
"BO0263","BO",193,,548
"BO0263a","BO",193,,549
"BO0264","BO",192,,550
"BO0264a","BO",192,,551
"BO0265","BO",197,,552
"BO0266","BO",196,,553
"BO0267","BO",194,,554
"BO0268","BO",195,,555
"BO0269","BO",171,,556
"BO0270","BO",448,,557
"BO0271","BO",170,,558
"BO0272","BO",391,,559
"BO0273","BO",330,,560
"BO0274","BO",329,,561
"BO0275","BO",424,,562
"BO0276","BO",201,,563
"BO0277","BO",202,,564
"BO0278","BO",414,,565
"BO0279","BO",415,,566
"BO0280","BO",203,,567
"BO0281","BO",389,,568
"BO0282","BO",204,,569
"BO0283","BO",322,,570
"BO0284","BO",413,,571
"BO0285","BO",443,,572
"BO0286","BO",205,,573
"BO0287","BO",206,,574
"BO0288","BO",207,,575
"BO0289","BO",208,,576
"BO0290","BO",209,,577
"BO0291","BO",390,,578
"BO0292","BO",407,,579
"BO0293","BO",223,,580
"BO0294","BO",333,,581
"BO0295","BO",224,,582
"BO0296","BO",225,,583
"BO0297","BO",210,,584
"BO0298","BO",377,,585
"BO0299","BO",331,,586
"BO0300","BO",212,,587
"BO0301","BO",332,,588
"BO0301a","BO",332,,589
"BO0302","BO",214,,590
"BO0303","BO",215,,591
"BO0304","BO",216,,592
"BO0305","BO",217,,593
"BO0305a","BO",217,,594
"BO0306","BO",213,,595
"BO0307","BO",382,,596
"BO0308","BO",381,,597
"BO0309","BO",211,,598
"BO0310","BO",218,,599
"BO0311","BO",219,,600
"BO0312","BO",222,,601
"BO0313","BO",221,,602
"BO0314","BO",220,,603
"BO0315","BO",399,,604
"BO0316","BO",228,,605
"BO0317","BO",226,,606
"BO0318","BO",378,,607
"BO0319","BO",227,,608
"BO0320","BO",229,,609
"BO0321","BO",230,,610
"BO0322","BO",421,,611
"BO0323","BO",231,,612
"BO0324","BO",410,,613
"BO0325","BO",232,,614
"BO0326","BO",233,,615
"BO0327","BO",370,,616
"BO0328","BO",385,,617
"BO0329","BO",386,,618
"BO0330","BO",387,,619
"BO0331","BO",234,,620
"BO0332","BO",334,,621
"BO0333","BO",388,,622
"BO0334","BO",379,,623
"BO0335","BO",235,,624
"BO0335a","BO",235,,625
"BO0336","BO",237,,626
"BO0337","BO",238,,627
"BO0338","BO",335,,628
"BO0339","BO",236,,629
"BO0340","BO",384,,630
"BO0341","BO",383,,631
"BO0342","BO",423,,632
"BO0343","BO",406,,633
"BO0344","BO",409,,634
"BO0345","BO",408,,635
"BO0346","BO",405,,636
"BO0347","BO",411,,637
"BO0348","BO",412,,638
"BO0349","BO",416,,639
"BO0350","BO",339,,640
"BO0351","BO",444,,641
"BO0352","BO",240,,642
"BO0352a","BO",336,,643
"BO0352b","BO",337,,644
"BO0353","BO",350,,645
"BO0354","BO",420,,646
"BO0355","BO",338,,647
"BO0356","BO",241,,648
"BO0357","BO",393,,649
"BO0358","BO",419,,650
"BO0359","BO",242,,651
"BO0360","BO",243,,652
"BO0361","BO",244,,653
"BO0362","BO",245,,654
"BO0363","BO",392,,655
"BO0364","BO",246,,656
"BO0365","BO",437,,657
"BO0366","BO",247,,658
"BO0367","BO",248,,659
"BO0367a","BO",248,,660
"BO0368","BO",249,,661
"BO0369","BO",251,,662
"BO0370","BO",250,,663
"BO0371","BO",252,,664
"BO0372","BO",254,,665
"BO0373","BO",253,,666
"BO0374","BO",348,,667
"BO0375","BO",255,,668
"BO0376","BO",256,,669
"BO0377","BO",239,,670
"BO0378","BO",257,,671
"BO0379","BO",258,,672
"BO0380","BO",260,,673
"BO0381","BO",259,,674
"BO0382","BO",446,,675
"BO0383","BO",474,,676
"BO0384","BO",447,,677
"BO0385","BO",261,,678
"BO0386","BO",262,,679
"BO0387","BO",263,,680
"BO0388","BO",266,,681
"BO0389","BO",267,,682
"BO0390","BO",268,,683
"BO0391","BO",269,,684
"BO0392","BO",270,,685
"BO0393","BO",271,,686
"BO0394","BO",272,,687
"BO0395","BO",265,,688
"BO0396","BO",472,,689
"BO0397","BO",264,,690
"BO0398","BO",470,,691
"BO0399","BO",273,,692
"BO0399a","BO",273,,693
"BO0400","BO",274,,694
"BO0401","BO",433,,695
"BO0402","BO",451,,696
"BO0403","BO",434,,697
"BO0404","BO",469,,698
"BO0405","BO",284,,699
"BO0406","BO",431,,700
"BO0407","BO",341,,701
"BO0407a","BO",341,,702
"BO0408","BO",280,,703
"BO0408a","BO",280,,704
"BO0409","BO",429,,705
"BO0410","BO",281,,706
"BO0410a","BO",281,,707
"BO0410b","BO",281,,708
"BO0410c","BO",281,,709
"BO0410d","BO",281,,710
"BO0411","BO",282,,711
"BO0412","BO",283,,712
"BO0413","BO",292,,713
"BO0414","BO",293,,714
"BO0415","BO",294,,715
"BO0415a","BO",294,,716
"BO0416","BO",286,,717
"BO0417","BO",285,,718
"BO0418","BO",287,,719
"BO0419","BO",345,,720
"BO0420","BO",344,,721
"BO0421","BO",288,,722
"BO0422","BO",290,,723
"BO0423","BO",289,,724
"BO0424","BO",430,,725
"BO0425","BO",291,,726
"BO0426","BO",295,,727
"BO0427","BO",296,,728
"BO0428","BO",380,,729
"BO0429","BO",302,,730
"BO0430","BO",301,,731
"BO0431","BO",300,,732
"BO0432","BO",298,,733
"BO0432a","BO",298,,734
"BO0433","BO",299,,735
"BO0434","BO",297,,736
"BO0435","BO",303,,737
"BO0436","BO",304,,738
"BO0436a","BO",304,,739
"BO0437","BO",305,,740
"BO0438","BO",346,,741
"BO0438b","BO",346,,742
"BO0438c","BO",346,,743
"BO0438d","BO",346,,744
"BO0438e","BO",346,,745
"BO0438f","BO",346,,746
"BO0438g","BO",346,,747
"BO0439","BO",306,,748
"BO0440","BO",307,,749
"BO0441","BO",394,,750
"BO0442","BO",275,,751
"BO0443","BO",276,,752
"BO0443a","BO",276,,753
"BO0444","BO",277,,754
"BO0445","BO",278,,755
"BO0446","BO",279,,756
"BO0447","BO",308,,757
"BO0448","BO",309,,758
"BO0449","BO",310,,759
"BO0450","BO",311,,760
"BO0451","BO",347,,761
"BO0451a","BO",347,,762
"BO0451b","BO",347,,763
"BO0452","BO",312,,764
"BO0453","BO",435,,765
"BO0454","BO",449,,766
"BO0455","BO",314,,767
"BO0456","BO",315,,768
"BO0457","BO",340,,769
"BO0458","BO",317,,770
"BO0459","BO",471,,771
"BO0460","BO",318,,772
"BO0461","BO",313,,773
"BO0462","BO",319,,774
"BO0463","BO",320,,775
"BO0464","BO",473,,776
"BO0465","BO",321,,777
"CH0001","CH",1,1,778
"CH0002","CH",2,2,779
"CH0003","CH",3,3,780
"CH0004","CH",4,4,781
"CH0005","CH",5,5,782
"CH0006","CH",6,6,783
"CH0007","CH",7,7,784
"CH0008","CH",8,8,785
"CH0009","CH",9,9,786
"CH0010","CH",10,10,787
"CH0011","CH",11,11,788
"CH0012","CH",12,12,789
"CH0013","CH",13,13,790
"CH0014","CH",17,14,791
"CH0015","CH",25,15,792
"CH0016","CH",27,16,793
"CH0017","CH",42,17,794
"CH0018","CH",41,18,795
"CH0019","CH",18,19,796
"CH0020","CH",19,20,797
"CH0021","CH",,1214,798
"CH0022","CH",20,21,799
"CH0023","CH",21,22,800
"CH0024","CH",22,23,801
"CH0025","CH",,1215,802
"CH0026","CH",62,24,803
"CH0027","CH",63,25,804
"CH0028","CH",,1201,805
"CH0029","CH",64,26,806
"CH0029a","CH",64,26,807
"CH0030","CH",66,27,808
"CH0031","CH",65,28,809
"CH0032","CH",68,29,810
"CH0033","CH",67,30,811
"CH0034","CH",69,31,812
"CH0035","CH",70,32,813
"CH0036","CH",71,33,814
"CH0037","CH",72,34,815
"CH0038","CH",73,35,816
"CH0039","CH",14,36,817
"CH0040","CH",15,37,818
"CH0041","CH",16,38,819
"CH0042","CH",23,39,820
"CH0043","CH",26,40,821
"CH0044","CH",28,41,822
"CH0045","CH",29,42,823
"CH0046","CH",24,43,824
"CH0047","CH",35,44,825
"CH0048","CH",38,45,826
"CH0049","CH",36,46,827
"CH0050","CH",34,47,828
"CH0051","CH",37,48,829
"CH0052","CH",44,49,830
"CH0053","CH",39,50,831
"CH0054","CH",43,51,832
"CH0055","CH",45,52,833
"CH0056","CH",46,53,834
"CH0057","CH",50,54,835
"CH0058","CH",49,55,836
"CH0059","CH",47,56,837
"CH0060","CH",48,57,838
"CH0061","CH",59,58,839
"CH0062","CH",51,59,840
"CH0063","CH",60,60,841
"CH0064","CH",61,61,842
"CH0065","CH",30,62,843
"CH0066","CH",31,63,844
"CH0067","CH",33,64,845
"CH0068","CH",32,65,846
"CH0069","CH",40,66,847
"CH0069a","CH",40,66,848
"CH0069b","CH",40,66,849
"CH0070","CH",52,67,850
"CH0071","CH",53,68,851
"CH0072","CH",55,69,852
"CH0073","CH",54,70,853
"CH0074","CH",,71,854
"CH0075","CH",56,72,855
"CH0076","CH",57,73,856
"CH0077","CH",58,74,857
"CH0078","CH",74,75,858
"CH0079","CH",75,76,859
"CH0080","CH",77,77,860
"CH0081","CH",76,78,861
"CH0082","CH",79,79,862
"CH0083","CH",78,80,863
"CH0084","CH",80,81,864
"CH0085","CH",81,82,865
"CH0086","CH",,1219,866
"CH0087","CH",95,83,867
"CH0088","CH",96,84,868
"CH0089","CH",94,85,869
"CH0090","CH",,86,870
"CH0091","CH",90,87,871
"CH0092","CH",84,88,872
"CH0093","CH",83,89,873
"CH0094","CH",82,90,874
"CH0094a","CH",82,90,875
"CH0095","CH",85,91,876
"CH0096","CH",86,92,877
"CH0097","CH",87,93,878
"CH0098","CH",98,94,879
"CH0098a","CH",98,94,880
"CH0098b","CH",98,94,881
"CH0099","CH",91,95,882
"CH0100","CH",88,96,883
"CH0101","CH",89,97,884
"CH0102","CH",92,98,885
"CH0102a","CH",92,98,886
"CH0103","CH",93,99,887
"CH0104","CH",808,100,888
"CH0105","CH",,1203,889
"CH0106","CH",98,101,890
"CH0107","CH",101,102,891
"CH0108","CH",98,103,892
"CH0109","CH",97,104,893
"CH0110","CH",99,105,894
"CH0111","CH",100,106,895
"CH0112","CH",102,107,896
"CH0113","CH",104,108,897
"CH0113a","CH",104,108,898
"CH0114","CH",103,109,899
"CH0115","CH",105,110,900
"CH0116","CH",106,111,901
"CH0117","CH",,1305,902
"CH0118","CH",107,112,903
"CH0119","CH",109,113,904
"CH0119a","CH",109,113,905
"CH0120","CH",109,114,906
"CH0121","CH",,115,907
"CH0122","CH",424,116,908
"CH0122a","CH",424,116,909
"CH0123","CH",110,117,910
"CH0124","CH",111,118,911
"CH0125","CH",498,119,912
"CH0126","CH",,120,913
"CH0126a","CH",,120,914
"CH0127","CH",112,121,915
"CH0127a","CH",112,121,916
"CH0127b","CH",113,121,917
"CH0127c","CH",112,121,918
"CH0128","CH",114,122,919
"CH0129","CH",115,123,920
"CH0130","CH",,124,921
"CH0131","CH",116,125,922
"CH0132","CH",117,126,923
"CH0133","CH",118,127,924
"CH0134","CH",119,128,925
"CH0135","CH",120,129,926
"CH0136","CH",,1216,927
"CH0137","CH",121,130,928
"CH0137a","CH",122,130,929
"CH0138","CH",,1217,930
"CH0139","CH",120,131,931
"CH0140","CH",123,132,932
"CH0141","CH",124,133,933
"CH0142","CH",125,134,934
"CH0143","CH",126,135,935
"CH0144","CH",127,136,936
"CH0144a","CH",128,136,937
"CH0145","CH",129,137,938
"CH0146","CH",130,138,939
"CH0146a","CH",130,138,940
"CH0147","CH",131,139,941
"CH0148","CH",,140,942
"CH0149","CH",141,141,943
"CH0150","CH",142,142,944
"CH0151","CH",133,143,945
"CH0152","CH",132,144,946
"CH0153","CH",134,145,947
"CH0153a","CH",134,145,948
"CH0154","CH",135,146,949
"CH0154a","CH",135,146,950
"CH0155","CH",136,147,951
"CH0156","CH",137,148,952
"CH0157","CH",138,149,953
"CH0158","CH",139,150,954
"CH0159","CH",140,151,955
"CH0159a","CH",140,151,956
"CH0159b","CH",140,151,957
"CH0160","CH",143,152,958
"CH0160a","CH",148,152,959
"CH0161","CH",144,153,960
"CH0162","CH",145,154,961
"CH0163","CH",146,155,962
"CH0164","CH",147,156,963
"CH0165","CH",150,157,964
"CH0166","CH",151,158,965
"CH0167","CH",518,159,966
"CH0167a","CH",,159,967
"CH0168","CH",149,160,968
"CH0168a","CH",,160,969
"CH0169","CH",152,161,970
"CH0170","CH",154,162,971
"CH0170a","CH",,162,972
"CH0171","CH",153,163,973
"CH0172","CH",155,164,974
"CH0173","CH",619,165,975
"CH0173a","CH",,165,976
"CH0174","CH",620,166,977
"CH0175","CH",181,167,978
"CH0176","CH",623,168,979
"CH0177","CH",622,169,980
"CH0178","CH",647,170,981
"CH0179","CH",644,171,982
"CH0180","CH",646,172,983
"CH0181","CH",,173,984
"CH0182","CH",648,174,985
"CH0183","CH",,175,986
"CH0184","CH",643,176,987
"CH0185","CH",649,177,988
"CH0186","CH",653,178,989
"CH0187","CH",,179,990
"CH0188","CH",,180,991
"CH0189","CH",651,181,992
"CH0190","CH",650,182,993
"CH0191","CH",652,183,994
"CH0192","CH",624,184,995
"CH0193","CH",640,185,996
"CH0194","CH",641,186,997
"CH0195","CH",,187,998
"CH0196","CH",,188,999
"CH0197","CH",,189,1000
"CH0198","CH",,190,1001
"CH0199","CH",656,191,1002
"CH0200","CH",657,192,1003
"CH0201","CH",662,193,1004
"CH0202","CH",,194,1005
"CH0203","CH",658,195,1006
"CH0204","CH",,196,1007
"CH0205","CH",660,197,1008
"CH0206","CH",663,198,1009
"CH0207","CH",,199,1010
"CH0208","CH",664,200,1011
"CH0209","CH",659,201,1012
"CH0210","CH",,202,1013
"CH0211","CH",,203,1014
"CH0212","CH",359,204,1015
"CH0213","CH",665,205,1016
"CH0213a","CH",,205,1017
"CH0214","CH",661,206,1018
"CH0215","CH",666,207,1019
"CH0216","CH",668,208,1020
"CH0217","CH",670,209,1021
"CH0218","CH",667,210,1022
"CH0219","CH",671,211,1023
"CH0220","CH",,212,1024
"CH0221","CH",,213,1025
"CH0222","CH",,214,1026
"CH0223","CH",,215,1027
"CH0224","CH",,216,1028
"CH0225","CH",,217,1029
"CH0226","CH",,218,1030
"CH0227","CH",,219,1031
"CH0228","CH",,220,1032
"CH0229","CH",,221,1033
"CH0230","CH",,222,1034
"CH0231","CH",,223,1035
"CH0232","CH",,224,1036
"CH0233","CH",672,225,1037
"CH0234","CH",,226,1038
"CH0235","CH",,227,1039
"CH0236","CH",673,228,1040
"CH0237","CH",,229,1041
"CH0238","CH",,230,1042
"CH0239","CH",,231,1043
"CH0240","CH",,232,1044
"CH0241","CH",,233,1045
"CH0242","CH",,234,1046
"CH0243","CH",625,235,1047
"CH0244","CH",626,236,1048
"CH0244a","CH",,236,1049
"CH0245","CH",627,237,1050
"CH0246","CH",628,238,1051
"CH0247","CH",631,239,1052
"CH0248","CH",632,240,1053
"CH0249","CH",629,241,1054
"CH0250","CH",,242,1055
"CH0251","CH",630,243,1056
"CH0252","CH",636,244,1057
"CH0253","CH",633,245,1058
"CH0254","CH",634,246,1059
"CH0255","CH",,247,1060
"CH0256","CH",635,248,1061
"CH0257","CH",,249,1062
"CH0258","CH",637,250,1063
"CH0259","CH",639,251,1064
"CH0260","CH",638,252,1065
"CH0261","CH",,253,1066
"CH0262","CH",,254,1067
"CH0263","CH",,255,1068
"CH0264","CH",,256,1069
"CH0265","CH",642,257,1070
"CH0266","CH",,258,1071
"CH0267","CH",,259,1072
"CH0268","CH",,260,1073
"CH0269","CH",,261,1074
"CH0270","CH",,262,1075
"CH0271","CH",,263,1076
"CH0272","CH",,264,1077
"CH0273","CH",,265,1078
"CH0274","CH",,266,1079
"CH0275","CH",,267,1080
"CH0276","CH",,268,1081
"CH0277","CH",699,269,1082
"CH0278","CH",,270,1083
"CH0279","CH",685,271,1084
"CH0280","CH",686,272,1085
"CH0281","CH",,273,1086
"CH0282","CH",,274,1087
"CH0283","CH",687,275,1088
"CH0284","CH",,276,1089
"CH0285","CH",,277,1090
"CH0286","CH",,278,1091
"CH0287","CH",,279,1092
"CH0288","CH",694,280,1093
"CH0288a","CH",,280,1094
"CH0289","CH",693,281,1095
"CH0289a","CH",,281,1096
"CH0290","CH",,282,1097
"CH0291","CH",694,283,1098
"CH0292","CH",,284,1099
"CH0293","CH",,285,1100
"CH0294","CH",,286,1101
"CH0295","CH",,287,1102
"CH0296","CH",,288,1103
"CH0297","CH",,289,1104
"CH0298","CH",,290,1105
"CH0299","CH",,291,1106
"CH0300","CH",,292,1107
"CH0301","CH",,1213,1108
"CH0302","CH",,293,1109
"CH0303","CH",,1220,1110
"CH0304","CH",,294,1111
"CH0305","CH",,295,1112
"CH0306","CH",,1221,1113
"CH0307","CH",,296,1114
"CH0308","CH",,297,1115
"CH0309","CH",,298,1116
"CH0310","CH",,1222,1117
"CH0311","CH",,299,1118
"CH0312","CH",,300,1119
"CH0313","CH",,301,1120
"CH0314","CH",,302,1121
"CH0315","CH",,303,1122
"CH0316","CH",,304,1123
"CH0317","CH",,305,1124
"CH0318","CH",695,306,1125
"CH0318a","CH",,306,1126
"CH0319","CH",,307,1127
"CH0320","CH",,308,1128
"CH0321","CH",,309,1129
"CH0322","CH",,310,1130
"CH0323","CH",,311,1131
"CH0324","CH",,312,1132
"CH0325","CH",692,313,1133
"CH0326","CH",,314,1134
"CH0327","CH",,1223,1135
"CH0328","CH",,315,1136
"CH0329","CH",690,316,1137
"CH0329a","CH",,316,1138
"CH0330","CH",,317,1139
"CH0331","CH",,318,1140
"CH0332","CH",,319,1141
"CH0333","CH",,320,1142
"CH0334","CH",,321,1143
"CH0335","CH",156,322,1144
"CH0335a","CH",,322,1145
"CH0336","CH",,1262,1146
"CH0337","CH",,323,1147
"CH0338","CH",,324,1148
"CH0339","CH",,325,1149
"CH0339a","CH",,325,1150
"CH0340","CH",,326,1151
"CH0341","CH",,327,1152
"CH0342","CH",157,328,1153
"CH0343","CH",159,329,1154
"CH0344","CH",158,330,1155
"CH0344a","CH",,330,1156
"CH0345","CH",160,331,1157
"CH0346","CH",161,332,1158
"CH0346a","CH",,332,1159
"CH0347","CH",162,333,1160
"CH0348","CH",163,334,1161
"CH0349","CH",164,335,1162
"CH0349a","CH",,335,1163
"CH0350","CH",521,336,1164
"CH0351","CH",165,337,1165
"CH0352","CH",167,338,1166
"CH0352a","CH",,338,1167
"CH0353","CH",168,339,1168
"CH0354","CH",170,340,1169
"CH0355","CH",169,341,1170
"CH0356","CH",,1234,1171
"CH0357","CH",,1237,1172
"CH0358","CH",,342,1173
"CH0359","CH",,1287,1174
"CH0360","CH",172,343,1175
"CH0360a","CH",,343,1176
"CH0361","CH",173,344,1177
"CH0362","CH",174,345,1178
"CH0363","CH",176,346,1179
"CH0364","CH",175,347,1180
"CH0365","CH",177,348,1181
"CH0366","CH",178,349,1182
"CH0367","CH",179,350,1183
"CH0368","CH",180,351,1184
"CH0369","CH",621,352,1185
"CH0369a","CH",,352,1186
"CH0370","CH",182,353,1187
"CH0371","CH",,1303,1188
"CH0372","CH",183,354,1189
"CH0373","CH",184,355,1190
"CH0374","CH",,1304,1191
"CH0375","CH",185,356,1192
"CH0376","CH",187,357,1193
"CH0377","CH",186,358,1194
"CH0378","CH",188,359,1195
"CH0379","CH",189,360,1196
"CH0380","CH",190,361,1197
"CH0381","CH",191,362,1198
"CH0382","CH",192,363,1199
"CH0383","CH",193,364,1200
"CH0384","CH",194,365,1201
"CH0384a","CH",205,365,1202
"CH0385","CH",,1190,1203
"CH0386","CH",195,366,1204
"CH0387","CH",196,367,1205
"CH0388","CH",200,368,1206
"CH0389","CH",201,369,1207
"CH0390","CH",202,370,1208
"CH0391","CH",197,371,1209
"CH0392","CH",198,372,1210
"CH0393","CH",199,373,1211
"CH0394","CH",203,374,1212
"CH0395","CH",204,376,1213
"CH0396","CH",206,377,1214
"CH0397","CH",,1248,1215
"CH0398","CH",208,378,1216
"CH0398a","CH",,378,1217
"CH0399","CH",,1250,1218
"CH0400","CH",209,379,1219
"CH0401","CH",211,380,1220
"CH0402","CH",210,381,1221
"CH0403","CH",212,382,1222
"CH0403a","CH",,382,1223
"CH0404","CH",216,383,1224
"CH0405","CH",217,384,1225
"CH0406","CH",,1239,1226
"CH0407","CH",218,385,1227
"CH0408","CH",219,386,1228
"CH0409","CH",,1240,1229
"CH0410","CH",,1243,1230
"CH0411","CH",214,387,1231
"CH0412","CH",213,388,1232
"CH0413","CH",,1242,1233
"CH0414","CH",,1229,1234
"CH0415","CH",,1244,1235
"CH0416","CH",215,389,1236
"CH0417","CH",221,390,1237
"CH0418","CH",,1258,1238
"CH0419","CH",,391,1239
"CH0419a","CH",,391,1240
"CH0420","CH",222,392,1241
"CH0421","CH",223,393,1242
"CH0421a","CH",,393,1243
"CH0422","CH",224,394,1244
"CH0422a","CH",226,394,1245
"CH0423","CH",225,396,1246
"CH0423a","CH",,396,1247
"CH0424","CH",228,397,1248
"CH0425","CH",227,398,1249
"CH0425a","CH",,398,1250
"CH0426","CH",243,399,1251
"CH0426a","CH",,399,1252
"CH0427","CH",235,400,1253
"CH0428","CH",244,401,1254
"CH0429","CH",239,402,1255
"CH0430","CH",230,403,1256
"CH0431","CH",231,404,1257
"CH0432","CH",245,405,1258
"CH0433","CH",246,406,1259
"CH0433a","CH",232,406,1260
"CH0433b","CH",,406,1261
"CH0434","CH",247,407,1262
"CH0434a","CH",,407,1263
"CH0435","CH",248,408,1264
"CH0436","CH",,409,1265
"CH0437","CH",,1186,1266
"CH0438","CH",250,410,1267
"CH0439","CH",251,411,1268
"CH0440","CH",233,412,1269
"CH0441","CH",237,413,1270
"CH0442","CH",238,414,1271
"CH0443","CH",234,415,1272
"CH0444","CH",,1241,1273
"CH0445","CH",,1245,1274
"CH0446","CH",,416,1275
"CH0447","CH",240,417,1276
"CH0448","CH",241,418,1277
"CH0449","CH",236,419,1278
"CH0450","CH",242,420,1279
"CH0451","CH",252,421,1280
"CH0452","CH",254,422,1281
"CH0453","CH",255,423,1282
"CH0453a","CH",,423,1283
"CH0454","CH",257,424,1284
"CH0455","CH",258,425,1285
"CH0456","CH",261,426,1286
"CH0457","CH",259,427,1287
"CH0457a","CH",,427,1288
"CH0458","CH",253,428,1289
"CH0459","CH",256,429,1290
"CH0460","CH",262,430,1291
"CH0461","CH",263,431,1292
"CH0462","CH",,432,1293
"CH0463","CH",274,433,1294
"CH0463a","CH",264,433,1295
"CH0464","CH",280,434,1296
"CH0465","CH",265,435,1297
"CH0465a","CH",,435,1298
"CH0466","CH",266,436,1299
"CH0467","CH",267,437,1300
"CH0468","CH",268,438,1301
"CH0469","CH",,1246,1302
"CH0470","CH",269,439,1303
"CH0471","CH",,1260,1304
"CH0472","CH",270,440,1305
"CH0473","CH",272,441,1306
"CH0474","CH",271,442,1307
"CH0475","CH",273,443,1308
"CH0476","CH",275,444,1309
"CH0477","CH",276,445,1310
"CH0478","CH",277,446,1311
"CH0479","CH",278,447,1312
"CH0480","CH",281,448,1313
"CH0481","CH",282,449,1314
"CH0482","CH",284,450,1315
"CH0483","CH",283,451,1316
"CH0484","CH",,452,1317
"CH0485","CH",290,453,1318
"CH0486","CH",289,454,1319
"CH0487","CH",,455,1320
"CH0488","CH",291,456,1321
"CH0488a","CH",,456,1322
"CH0489","CH",293,457,1323
"CH0489a","CH",,457,1324
"CH0489b","CH",,457,1325
"CH0490","CH",294,458,1326
"CH0491","CH",286,459,1327
"CH0492","CH",287,460,1328
"CH0492a","CH",,460,1329
"CH0493","CH",288,461,1330
"CH0494","CH",279,462,1331
"CH0495","CH",292,463,1332
"CH0496","CH",295,464,1333
"CH0497","CH",296,465,1334
"CH0498","CH",298,466,1335
"CH0499","CH",,467,1336
"CH0500","CH",299,468,1337
"CH0501","CH",300,469,1338
"CH0501a","CH",,469,1339
"CH0502","CH",301,470,1340
"CH0503","CH",302,471,1341
"CH0504","CH",297,472,1342
"CH0505","CH",304,473,1343
"CH0506","CH",303,474,1344
"CH0507","CH",306,475,1345
"CH0508","CH",305,476,1346
"CH0509","CH",307,477,1347
"CH0510","CH",308,478,1348
"CH0511","CH",309,479,1349
"CH0512","CH",310,480,1350
"CH0513","CH",311,481,1351
"CH0514","CH",312,482,1352
"CH0515","CH",313,483,1353
"CH0516","CH",314,484,1354
"CH0517","CH",315,485,1355
"CH0518","CH",316,486,1356
"CH0519","CH",317,487,1357
"CH0520","CH",318,488,1358
"CH0521","CH",320,489,1359
"CH0522","CH",322,490,1360
"CH0523","CH",321,491,1361
"CH0524","CH",,492,1362
"CH0525","CH",,493,1363
"CH0526","CH",,494,1364
"CH0527","CH",327,495,1365
"CH0528","CH",,496,1366
"CH0529","CH",319,497,1367
"CH0530","CH",323,498,1368
"CH0531","CH",324,499,1369
"CH0532","CH",325,500,1370
"CH0533","CH",326,501,1371
"CH0534","CH",328,502,1372
"CH0535","CH",329,503,1373
"CH0536","CH",330,504,1374
"CH0537","CH",331,505,1375
"CH0538","CH",332,506,1376
"CH0539","CH",333,507,1377
"CH0539a","CH",,507,1378
"CH0540","CH",334,508,1379
"CH0541","CH",335,509,1380
"CH0542","CH",337,510,1381
"CH0543","CH",336,511,1382
"CH0544","CH",338,512,1383
"CH0545","CH",339,513,1384
"CH0546","CH",342,514,1385
"CH0547","CH",341,515,1386
"CH0547a","CH",,515,1387
"CH0548","CH",340,516,1388
"CH0549","CH",437,1275,1389
"CH0550","CH",343,517,1390
"CH0551","CH",345,518,1391
"CH0552","CH",346,519,1392
"CH0553","CH",347,520,1393
"CH0554","CH",,521,1394
"CH0555","CH",99,522,1395
"CH0556","CH",348,523,1396
"CH0557","CH",,524,1397
"CH0558","CH",350,525,1398
"CH0559","CH",352,527,1399
"CH0560","CH",353,528,1400
"CH0560a","CH",,528,1401
"CH0560b","CH",351,528,1402
"CH0561","CH",354,529,1403
"CH0562","CH",355,530,1404
"CH0562a","CH",,530,1405
"CH0563","CH",356,531,1406
"CH0563a","CH",,531,1407
"CH0564","CH",358,532,1408
"CH0565","CH",,533,1409
"CH0566","CH",357,534,1410
"CH0566a","CH",361,534,1411
"CH0567","CH",,535,1412
"CH0568","CH",364,536,1413
"CH0568a","CH",,536,1414
"CH0569","CH",365,537,1415
"CH0570","CH",362,538,1416
"CH0571","CH",359,539,1417
"CH0572","CH",360,540,1418
"CH0573","CH",344,541,1419
"CH0574","CH",366,542,1420
"CH0574a","CH",,542,1421
"CH0574b","CH",,542,1422
"CH0575","CH",367,543,1423
"CH0576","CH",,1193,1424
"CH0577","CH",368,544,1425
"CH0578","CH",369,545,1426
"CH0579","CH",370,546,1427
"CH0580","CH",371,547,1428
"CH0581","CH",373,548,1429
"CH0581a","CH",,548,1430
"CH0581b","CH",,548,1431
"CH0582","CH",374,549,1432
"CH0583","CH",,550,1433
"CH0584","CH",375,551,1434
"CH0585","CH",376,552,1435
"CH0586","CH",377,553,1436
"CH0587","CH",378,554,1437
"CH0588","CH",380,555,1438
"CH0589","CH",381,556,1439
"CH0589a","CH",382,556,1440
"CH0590","CH",379,557,1441
"CH0591","CH",,558,1442
"CH0592","CH",383,559,1443
"CH0592a","CH",,559,1444
"CH0593","CH",384,560,1445
"CH0594","CH",385,561,1446
"CH0595","CH",386,562,1447
"CH0596","CH",387,563,1448
"CH0597","CH",388,564,1449
"CH0598","CH",389,565,1450
"CH0599","CH",390,566,1451
"CH0600","CH",391,567,1452
"CH0601","CH",392,568,1453
"CH0602","CH",393,569,1454
"CH0602a","CH",,569,1455
"CH0603","CH",394,570,1456
"CH0604","CH",397,571,1457
"CH0605","CH",396,572,1458
"CH0606","CH",398,573,1459
"CH0607","CH",399,574,1460
"CH0608","CH",400,575,1461
"CH0609","CH",,576,1462
"CH0610","CH",395,577,1463
"CH0611","CH",402,578,1464
"CH0612","CH",403,579,1465
"CH0613","CH",404,580,1466
"CH0614","CH",406,581,1467
"CH0615","CH",405,582,1468
"CH0616","CH",407,583,1469
"CH0616a","CH",,583,1470
"CH0617","CH",409,584,1471
"CH0618","CH",412,585,1472
"CH0619","CH",410,586,1473
"CH0620","CH",411,587,1474
"CH0621","CH",413,588,1475
"CH0622","CH",408,589,1476
"CH0623","CH",414,590,1477
"CH0624","CH",415,591,1478
"CH0625","CH",,592,1479
"CH0626","CH",,1196,1480
"CH0627","CH",,1197,1481
"CH0628","CH",,1198,1482
"CH0629","CH",,593,1483
"CH0630","CH",,594,1484
"CH0631","CH",417,595,1485
"CH0632","CH",418,596,1486
"CH0633","CH",,597,1487
"CH0634","CH",419,598,1488
"CH0635","CH",,599,1489
"CH0636","CH",,600,1490
"CH0637","CH",,1200,1491
"CH0638","CH",,601,1492
"CH0639","CH",534,602,1493
"CH0640","CH",535,603,1494
"CH0641","CH",536,604,1495
"CH0642","CH",537,605,1496
"CH0643","CH",538,606,1497
"CH0644","CH",539,1288,1498
"CH0645","CH",539,607,1499
"CH0646","CH",539,1289,1500
"CH0647","CH",540,608,1501
"CH0648","CH",541,609,1502
"CH0649","CH",,1295,1503
"CH0650","CH",,1296,1504
"CH0651","CH",714,610,1505
"CH0652","CH",715,611,1506
"CH0653","CH",,612,1507
"CH0654","CH",716,613,1508
"CH0655","CH",717,614,1509
"CH0656","CH",,615,1510
"CH0657","CH",420,616,1511
"CH0658","CH",,617,1512
"CH0659","CH",421,618,1513
"CH0659a","CH",421,618,1514
"CH0660","CH",542,619,1515
"CH0661","CH",543,620,1516
"CH0662","CH",,1199,1517
"CH0663","CH",544,621,1518
"CH0664","CH",545,622,1519
"CH0665","CH",,623,1520
"CH0666","CH",546,624,1521
"CH0667","CH",547,625,1522
"CH0668","CH",,626,1523
"CH0669","CH",,627,1524
"CH0670","CH",720,628,1525
"CH0671","CH",719,629,1526
"CH0672","CH",718,630,1527
"CH0673","CH",,631,1528
"CH0674","CH",,632,1529
"CH0675","CH",,633,1530
"CH0676","CH",,634,1531
"CH0677","CH",,635,1532
"CH0678","CH",,636,1533
"CH0679","CH",,637,1534
"CH0680","CH",,638,1535
"CH0681","CH",723,639,1536
"CH0682","CH",,1297,1537
"CH0683","CH",721,640,1538
"CH0683a","CH",,640,1539
"CH0684","CH",722,641,1540
"CH0685","CH",724,642,1541
"CH0686","CH",725,643,1542
"CH0686a","CH",,643,1543
"CH0686b","CH",,643,1544
"CH0687","CH",726,644,1545
"CH0688","CH",727,645,1546
"CH0689","CH",728,646,1547
"CH0690","CH",732,647,1548
"CH0691","CH",731,648,1549
"CH0692","CH",730,649,1550
"CH0693","CH",733,650,1551
"CH0693a","CH",729,650,1552
"CH0693b","CH",734,650,1553
"CH0693c","CH",,650,1554
"CH0693d","CH",,650,1555
"CH0693e","CH",,650,1556
"CH0693f","CH",,650,1557
"CH0693g","CH",,650,1558
"CH0694","CH",730,651,1559
"CH0694a","CH",,651,1560
"CH0694b","CH",749,651,1561
"CH0695","CH",736,652,1562
"CH0696","CH",735,653,1563
"CH0697","CH",737,654,1564
"CH0697a","CH",737,654,1565
"CH0698b","CH",738,655,1566
"CH0699","CH",740,656,1567
"CH0699a","CH",740,656,1568
"CH0699c","CH",740,656,1569
"CH0700","CH",614,657,1570
"CH0701","CH",914,658,1571
"CH0702","CH",,1183,1572
"CH0703","CH",,1283,1573
"CH0704","CH",,1280,1574
"CH0705","CH",915,659,1575
"CH0706","CH",916,660,1576
"CH0707","CH",917,661,1577
"CH0708","CH",918,662,1578
"CH0709","CH",919,663,1579
"CH0710","CH",921,664,1580
"CH0711","CH",,1279,1581
"CH0712","CH",920,665,1582
"CH0712a","CH",,665,1583
"CH0713","CH",,1282,1584
"CH0714","CH",923,667,1585
"CH0714a","CH",922,667,1586
"CH0715","CH",924,668,1587
"CH0716","CH",925,669,1588
"CH0717","CH",926,670,1589
"CH0718","CH",927,671,1590
"CH0719","CH",928,672,1591
"CH0720","CH",929,673,1592
"CH0721","CH",931,674,1593
"CH0722","CH",,1272,1594
"CH0723","CH",930,675,1595
"CH0723a","CH",,675,1596
"CH0724","CH",,676,1597
"CH0725","CH",,1308,1598
"CH0726","CH",933,677,1599
"CH0727","CH",934,678,1600
"CH0728","CH",,679,1601
"CH0729","CH",,680,1602
"CH0730","CH",,1194,1603
"CH0731","CH",939,681,1604
"CH0731a","CH",,681,1605
"CH0731b","CH",,681,1606
"CH0731c","CH",938,681,1607
"CH0731d","CH",,681,1608
"CH0731e","CH",,681,1609
"CH0732","CH",935,682,1610
"CH0733","CH",936,683,1611
"CH0734","CH",937,684,1612
"CH0735","CH",,1276,1613
"CH0736","CH",,1273,1614
"CH0737","CH",940,685,1615
"CH0738","CH",,1274,1616
"CH0739","CH",,686,1617
"CH0740","CH",,1284,1618
"CH0741","CH",,687,1619
"CH0742","CH",,688,1620
"CH0743","CH",,1286,1621
"CH0744","CH",1018,689,1622
"CH0744a","CH",,689,1623
"CH0745","CH",,690,1624
"CH0746","CH",942,691,1625
"CH0747","CH",1019,692,1626
"CH0748","CH",,1278,1627
"CH0749","CH",,1187,1628
"CH0750","CH",,693,1629
"CH0751","CH",1021,694,1630
"CH0752","CH",943,695,1631
"CH0752a","CH",,695,1632
"CH0753","CH",944,696,1633
"CH0754","CH",1026,697,1634
"CH0755","CH",,698,1635
"CH0755a","CH",,698,1636
"CH0756","CH",,699,1637
"CH0757","CH",,700,1638
"CH0758","CH",,701,1639
"CH0759","CH",,702,1640
"CH0760","CH",,703,1641
"CH0761","CH",,704,1642
"CH0762","CH",422,705,1643
"CH0763","CH",,1218,1644
"CH0764","CH",,1292,1645
"CH0765","CH",,1291,1646
"CH0766","CH",423,706,1647
"CH0766a","CH",,706,1648
"CH0767","CH",,1290,1649
"CH0768","CH",447,771,1650
"CH0769","CH",,1293,1651
"CH0770","CH",,707,1652
"CH0771","CH",425,708,1653
"CH0771a","CH",,708,1654
"CH0772","CH",426,709,1655
"CH0773","CH",428,710,1656
"CH0773a","CH",427,710,1657
"CH0774","CH",1015,711,1658
"CH0775","CH",429,712,1659
"CH0776","CH",1016,713,1660
"CH0777","CH",430,714,1661
"CH0778","CH",431,715,1662
"CH0779","CH",464,716,1663
"CH0780","CH",465,717,1664
"CH0781","CH",469,718,1665
"CH0782","CH",473,719,1666
"CH0783","CH",470,720,1667
"CH0784","CH",471,721,1668
"CH0785","CH",474,722,1669
"CH0786","CH",472,723,1670
"CH0787","CH",466,724,1671
"CH0788","CH",467,725,1672
"CH0789","CH",468,726,1673
"CH0790","CH",475,727,1674
"CH0791","CH",476,728,1675
"CH0792","CH",477,729,1676
"CH0793","CH",478,730,1677
"CH0794","CH",480,731,1678
"CH0795","CH",481,732,1679
"CH0796","CH",485,733,1680
"CH0797","CH",479,734,1681
"CH0798","CH",483,735,1682
"CH0799","CH",482,736,1683
"CH0800","CH",484,737,1684
"CH0801","CH",486,738,1685
"CH0802","CH",487,739,1686
"CH0803","CH",488,740,1687
"CH0803a","CH",,740,1688
"CH0804","CH",489,741,1689
"CH0805","CH",455,742,1690
"CH0806","CH",456,743,1691
"CH0807","CH",458,744,1692
"CH0808","CH",457,745,1693
"CH0809","CH",452,746,1694
"CH0810","CH",454,747,1695
"CH0811","CH",453,748,1696
"CH0812","CH",459,749,1697
"CH0813","CH",448,750,1698
"CH0814","CH",449,751,1699
"CH0815","CH",450,752,1700
"CH0816","CH",451,753,1701
"CH0817","CH",,754,1702
"CH0818","CH",460,755,1703
"CH0819","CH",462,756,1704
"CH0820","CH",461,757,1705
"CH0821","CH",463,758,1706
"CH0822","CH",,759,1707
"CH0823","CH",,760,1708
"CH0824","CH",434,761,1709
"CH0825","CH",435,762,1710
"CH0826","CH",437,763,1711
"CH0827","CH",438,764,1712
"CH0828","CH",439,765,1713
"CH0829","CH",441,766,1714
"CH0830","CH",442,767,1715
"CH0831","CH",443,768,1716
"CH0832","CH",444,769,1717
"CH0833","CH",440,770,1718
"CH0834","CH",,772,1719
"CH0835","CH",,773,1720
"CH0836","CH",432,774,1721
"CH0837","CH",,775,1722
"CH0838","CH",433,776,1723
"CH0839","CH",445,777,1724
"CH0840","CH",446,778,1725
"CH0840a","CH",,778,1726
"CH0840b","CH",,778,1727
"CH0840c","CH",,778,1728
"CH0841","CH",,779,1729
"CH0842","CH",490,780,1730
"CH0843","CH",,781,1731
"CH0844","CH",,782,1732
"CH0845","CH",512,783,1733
"CH0846","CH",513,784,1734
"CH0847","CH",491,785,1735
"CH0848","CH",492,786,1736
"CH0849","CH",493,787,1737
"CH0850","CH",494,788,1738
"CH0851","CH",495,789,1739
"CH0852","CH",496,790,1740
"CH0853","CH",497,791,1741
"CH0854","CH",498,792,1742
"CH0855","CH",499,793,1743
"CH0856","CH",500,794,1744
"CH0857","CH",501,795,1745
"CH0858","CH",502,796,1746
"CH0859","CH",503,797,1747
"CH0860","CH",504,798,1748
"CH0860a","CH",,798,1749
"CH0861","CH",505,799,1750
"CH0862","CH",506,800,1751
"CH0863","CH",508,801,1752
"CH0864","CH",509,802,1753
"CH0865","CH",510,803,1754
"CH0866","CH",548,804,1755
"CH0867","CH",550,805,1756
"CH0868","CH",551,806,1757
"CH0869","CH",553,807,1758
"CH0870","CH",552,808,1759
"CH0871","CH",554,809,1760
"CH0872","CH",555,810,1761
"CH0873","CH",556,811,1762
"CH0874","CH",557,812,1763
"CH0875","CH",558,813,1764
"CH0876","CH",560,814,1765
"CH0877","CH",559,815,1766
"CH0878","CH",561,816,1767
"CH0879","CH",579,817,1768
"CH0879a","CH",,817,1769
"CH0880","CH",580,818,1770
"CH0881","CH",581,819,1771
"CH0882","CH",562,820,1772
"CH0883","CH",563,821,1773
"CH0884","CH",564,822,1774
"CH0885","CH",565,823,1775
"CH0885a","CH",,823,1776
"CH0886","CH",566,824,1777
"CH0887","CH",596,825,1778
"CH0888","CH",567,826,1779
"CH0889","CH",568,827,1780
"CH0889a","CH",,827,1781
"CH0890","CH",569,828,1782
"CH0891","CH",570,829,1783
"CH0892","CH",571,830,1784
"CH0893","CH",572,831,1785
"CH0894","CH",573,832,1786
"CH0895","CH",574,833,1787
"CH0896","CH",575,834,1788
"CH0897","CH",,835,1789
"CH0898","CH",577,836,1790
"CH0899","CH",578,837,1791
"CH0900","CH",,1188,1792
"CH0901","CH",618,838,1793
"CH0902","CH",,839,1794
"CH0903","CH",582,840,1795
"CH0904","CH",583,841,1796
"CH0905","CH",584,842,1797
"CH0906","CH",585,843,1798
"CH0907","CH",586,844,1799
"CH0908","CH",587,845,1800
"CH0909","CH",588,846,1801
"CH0910","CH",589,847,1802
"CH0911","CH",591,848,1803
"CH0912","CH",592,849,1804
"CH0913","CH",593,850,1805
"CH0914","CH",594,851,1806
"CH0915","CH",595,852,1807
"CH0916","CH",597,853,1808
"CH0917","CH",598,854,1809
"CH0918","CH",599,855,1810
"CH0919","CH",601,856,1811
"CH0920","CH",602,857,1812
"CH0921","CH",600,858,1813
"CH0922","CH",603,859,1814
"CH0923","CH",604,860,1815
"CH0924","CH",605,861,1816
"CH0925","CH",606,862,1817
"CH0926","CH",590,863,1818
"CH0926a","CH",,863,1819
"CH0926b","CH",,863,1820
"CH0927","CH",607,864,1821
"CH0928","CH",608,865,1822
"CH0929","CH",609,866,1823
"CH0929a","CH",,866,1824
"CH0930","CH",610,867,1825
"CH0931","CH",611,868,1826
"CH0932","CH",612,869,1827
"CH0933","CH",613,870,1828
"CH0934","CH",614,871,1829
"CH0935","CH",,872,1830
"CH0936","CH",615,873,1831
"CH0937","CH",,874,1832
"CH0938","CH",,875,1833
"CH0939","CH",,876,1834
"CH0940","CH",,877,1835
"CH0941","CH",,878,1836
"CH0942","CH",,879,1837
"CH0943","CH",,880,1838
"CH0943a","CH",617,880,1839
"CH0944","CH",,881,1840
"CH0945","CH",,882,1841
"CH0946","CH",,883,1842
"CH0947","CH",,884,1843
"CH0948","CH",,886,1844
"CH0949","CH",,887,1845
"CH0950","CH",,888,1846
"CH0951","CH",,889,1847
"CH0952","CH",,890,1848
"CH0953","CH",,891,1849
"CH0954","CH",,892,1850
"CH0955","CH",,893,1851
"CH0956","CH",,894,1852
"CH0957","CH",654,895,1853
"CH0958","CH",,896,1854
"CH0959","CH",,897,1855
"CH0960","CH",511,898,1856
"CH0961","CH",,899,1857
"CH0962","CH",674,900,1858
"CH0963","CH",675,901,1859
"CH0963a","CH",,901,1860
"CH0964","CH",676,902,1861
"CH0965","CH",677,903,1862
"CH0966","CH",679,904,1863
"CH0967","CH",678,905,1864
"CH0968","CH",680,906,1865
"CH0969","CH",681,907,1866
"CH0970","CH",682,908,1867
"CH0970a","CH",,908,1868
"CH0971","CH",,1226,1869
"CH0972","CH",702,909,1870
"CH0973","CH",,910,1871
"CH0973a","CH",,910,1872
"CH0974","CH",,1209,1873
"CH0975","CH",,911,1874
"CH0976","CH",,1208,1875
"CH0977","CH",,912,1876
"CH0978","CH",,1207,1877
"CH0979","CH",703,913,1878
"CH0980","CH",,1184,1879
"CH0981","CH",704,914,1880
"CH0982","CH",,1210,1881
"CH0983","CH",,1205,1882
"CH0984","CH",,1206,1883
"CH0985","CH",,1204,1884
"CH0986","CH",,926,1885
"CH0987","CH",706,915,1886
"CH0988","CH",,916,1887
"CH0989","CH",,917,1888
"CH0990","CH",,918,1889
"CH0990a","CH",,918,1890
"CH0991","CH",684,919,1891
"CH0992","CH",683,920,1892
"CH0993","CH",,921,1893
"CH0994","CH",,922,1894
"CH0995","CH",697,923,1895
"CH0996","CH",,924,1896
"CH0997","CH",300,1189,1897
"CH0998","CH",,925,1898
"CH0999","CH",,1268,1899
"CH1000","CH",,1212,1900
"CH1001","CH",,927,1901
"CH1002","CH",,928,1902
"CH1003","CH",756,929,1903
"CH1003a","CH",,929,1904
"CH1004","CH",757,930,1905
"CH1005","CH",,1257,1906
"CH1006","CH",,931,1907
"CH1007","CH",,1256,1908
"CH1008","CH",,932,1909
"CH1009","CH",,1251,1910
"CH1010","CH",,933,1911
"CH1011","CH",,1267,1912
"CH1012","CH",,934,1913
"CH1013","CH",759,935,1914
"CH1013a","CH",,935,1915
"CH1014","CH",,1227,1916
"CH1014a","CH",,1227,1917
"CH1014b","CH",,1227,1918
"CH1015","CH",760,936,1919
"CH1015a","CH",,936,1920
"CH1016","CH",,937,1921
"CH1017","CH",762,938,1922
"CH1018","CH",763,939,1923
"CH1018a","CH",,939,1924
"CH1019","CH",,940,1925
"CH1020","CH",774,941,1926
"CH1021","CH",775,942,1927
"CH1022","CH",776,943,1928
"CH1023","CH",781,944,1929
"CH1023a","CH",,944,1930
"CH1024","CH",777,945,1931
"CH1025","CH",778,946,1932
"CH1026","CH",779,947,1933
"CH1027","CH",780,948,1934
"CH1028","CH",782,949,1935
"CH1029","CH",,1307,1936
"CH1030","CH",783,950,1937
"CH1031","CH",784,951,1938
"CH1032","CH",785,952,1939
"CH1032a","CH",,952,1940
"CH1033","CH",786,953,1941
"CH1034","CH",787,954,1942
"CH1035","CH",,1259,1943
"CH1036","CH",788,955,1944
"CH1037","CH",789,956,1945
"CH1038","CH",765,957,1946
"CH1039","CH",,1266,1947
"CH1040","CH",,1231,1948
"CH1041","CH",766,958,1949
"CH1042","CH",769,959,1950
"CH1042a","CH",832,959,1951
"CH1042b","CH",,959,1952
"CH1043","CH",,1255,1953
"CH1044","CH",,1263,1954
"CH1045","CH",767,960,1955
"CH1046","CH",768,961,1956
"CH1046a","CH",,961,1957
"CH1047","CH",,1235,1958
"CH1048","CH",,1265,1959
"CH1049","CH",,1253,1960
"CH1050","CH",770,962,1961
"CH1051","CH",,1264,1962
"CH1052","CH",,1249,1963
"CH1053","CH",,1261,1964
"CH1054","CH",771,963,1965
"CH1054a","CH",,963,1966
"CH1055","CH",772,964,1967
"CH1056","CH",790,965,1968
"CH1057","CH",773,966,1969
"CH1058","CH",,1254,1970
"CH1059","CH",791,967,1971
"CH1060","CH",792,968,1972
"CH1061","CH",793,969,1973
"CH1061a","CH",,969,1974
"CH1062","CH",794,970,1975
"CH1062a","CH",,970,1976
"CH1063","CH",795,971,1977
"CH1064","CH",799,972,1978
"CH1065","CH",800,973,1979
"CH1066","CH",801,974,1980
"CH1067","CH",802,975,1981
"CH1068","CH",803,976,1982
"CH1069","CH",804,977,1983
"CH1070","CH",805,978,1984
"CH1071","CH",796,979,1985
"CH1072","CH",797,980,1986
"CH1073","CH",798,981,1987
"CH1073a","CH",,981,1988
"CH1074","CH",806,982,1989
"CH1075","CH",807,983,1990
"CH1075a","CH",807,983,1991
"CH1076","CH",98,984,1992
"CH1077","CH",809,985,1993
"CH1078","CH",810,986,1994
"CH1079","CH",,987,1995
"CH1080","CH",,988,1996
"CH1081","CH",814,989,1997
"CH1082","CH",815,990,1998
"CH1083","CH",297,1271,1999
"CH1084","CH",816,991,2000
"CH1085","CH",817,992,2001
"CH1086","CH",811,993,2002
"CH1087","CH",,994,2003
"CH1088","CH",,1233,2004
"CH1089","CH",,995,2005
"CH1090","CH",,1238,2006
"CH1091","CH",741,996,2007
"CH1092","CH",743,997,2008
"CH1093","CH",,998,2009
"CH1094","CH",744,999,2010
"CH1095","CH",745,1000,2011
"CH1096","CH",746,1001,2012
"CH1097","CH",,1002,2013
"CH1097a","CH",,1002,2014
"CH1098","CH",748,1003,2015
"CH1099","CH",,1004,2016
"CH1100","CH",750,1005,2017
"CH1101","CH",752,1006,2018
"CH1102","CH",753,1007,2019
"CH1103","CH",754,1008,2020
"CH1104","CH",,1009,2021
"CH1105","CH",966,1010,2022
"CH1106","CH",751,1011,2023
"CH1107","CH",946,1012,2024
"CH1108","CH",947,1013,2025
"CH1109","CH",948,1014,2026
"CH1110","CH",949,1015,2027
"CH1110a","CH",,1015,2028
"CH1111","CH",950,1016,2029
"CH1111a","CH",,1016,2030
"CH1112","CH",951,1017,2031
"CH1113","CH",952,1018,2032
"CH1113a","CH",,1018,2033
"CH1114","CH",955,1019,2034
"CH1115","CH",293,1277,2035
"CH1116","CH",956,1020,2036
"CH1117","CH",954,1021,2037
"CH1117a","CH",,1021,2038
"CH1118","CH",957,1022,2039
"CH1119","CH",945,1023,2040
"CH1120","CH",,1024,2041
"CH1121","CH",958,1025,2042
"CH1122","CH",959,1026,2043
"CH1122a","CH",,1026,2044
"CH1123","CH",960,1027,2045
"CH1124","CH",962,1028,2046
"CH1125","CH",961,1029,2047
"CH1126","CH",963,1030,2048
"CH1127","CH",964,1031,2049
"CH1128","CH",965,1032,2050
"CH1129","CH",967,1033,2051
"CH1130","CH",,1202,2052
"CH1131","CH",968,1034,2053
"CH1132","CH",,1035,2054
"CH1133","CH",514,1036,2055
"CH1133a","CH",514,1036,2056
"CH1134","CH",,1037,2057
"CH1135","CH",524,1038,2058
"CH1135a","CH",,1038,2059
"CH1135b","CH",,1038,2060
"CH1136","CH",525,1039,2061
"CH1137","CH",526,1040,2062
"CH1138","CH",529,1041,2063
"CH1139","CH",530,1042,2064
"CH1139a","CH",527,1042,2065
"CH1139b","CH",528,1042,2066
"CH1140","CH",532,1043,2067
"CH1141","CH",533,1044,2068
"CH1141a","CH",,1044,2069
"CH1142","CH",515,1045,2070
"CH1142a","CH",,1045,2071
"CH1143","CH",516,1046,2072
"CH1144","CH",517,1047,2073
"CH1145","CH",519,1048,2074
"CH1146","CH",,1185,2075
"CH1147","CH",520,1049,2076
"CH1148","CH",523,1050,2077
"CH1149","CH",521,1051,2078
"CH1150","CH",522,1052,2079
"CH1151","CH",,1306,2080
"CH1152","CH",709,1053,2081
"CH1153","CH",710,1054,2082
"CH1154","CH",711,1055,2083
"CH1155","CH",,1056,2084
"CH1156","CH",,1057,2085
"CH1157","CH",,1298,2086
"CH1158","CH",,1247,2087
"CH1159","CH",,1252,2088
"CH1160","CH",,1058,2089
"CH1161","CH",,1192,2090
"CH1162","CH",852,1060,2091
"CH1163","CH",853,1061,2092
"CH1164","CH",712,1062,2093
"CH1165","CH",713,1063,2094
"CH1166","CH",854,1064,2095
"CH1167","CH",856,1065,2096
"CH1168","CH",861,1066,2097
"CH1168a","CH",,1066,2098
"CH1169","CH",,1299,2099
"CH1170","CH",871,1083,2100
"CH1170a","CH",864,1083,2101
"CH1171","CH",865,1068,2102
"CH1172","CH",857,1069,2103
"CH1173","CH",858,1070,2104
"CH1174","CH",859,1071,2105
"CH1175","CH",862,1072,2106
"CH1176","CH",863,1073,2107
"CH1176a","CH",,1073,2108
"CH1176b","CH",,1073,2109
"CH1177","CH",866,1074,2110
"CH1178","CH",868,1075,2111
"CH1179","CH",353,1300,2112
"CH1180","CH",867,1076,2113
"CH1180a","CH",,1076,2114
"CH1180b","CH",,1076,2115
"CH1181","CH",869,1077,2116
"CH1182","CH",,1301,2117
"CH1183","CH",873,1078,2118
"CH1184","CH",872,1079,2119
"CH1185","CH",876,1080,2120
"CH1186","CH",874,1081,2121
"CH1187","CH",875,1082,2122
"CH1188","CH",910,1084,2123
"CH1189","CH",,1302,2124
"CH1190","CH",877,1085,2125
"CH1191","CH",878,1086,2126
"CH1192","CH",882,1091,2127
"CH1193","CH",880,1088,2128
"CH1194","CH",881,1089,2129
"CH1195","CH",883,1090,2130
"CH1196","CH",887,1087,2131
"CH1197","CH",885,1092,2132
"CH1198","CH",886,1093,2133
"CH1199","CH",888,1094,2134
"CH1200","CH",889,1095,2135
"CH1201","CH",879,1096,2136
"CH1202","CH",893,1097,2137
"CH1203","CH",890,1098,2138
"CH1204","CH",894,1099,2139
"CH1205","CH",895,1100,2140
"CH1206","CH",898,1101,2141
"CH1207","CH",,1102,2142
"CH1208","CH",900,1103,2143
"CH1209","CH",901,1104,2144
"CH1210","CH",,1191,2145
"CH1211","CH",902,1105,2146
"CH1212","CH",903,1106,2147
"CH1213","CH",904,1107,2148
"CH1214","CH",,1108,2149
"CH1215","CH",905,1109,2150
"CH1216","CH",906,1110,2151
"CH1217","CH",908,1111,2152
"CH1218","CH",907,1112,2153
"CH1219","CH",909,1113,2154
"CH1220","CH",911,1114,2155
"CH1221","CH",912,1115,2156
"CH1222","CH",913,1116,2157
"CH1223","CH",,1232,2158
"CH1224","CH",,1117,2159
"CH1225","CH",821,1118,2160
"CH1225a","CH",,1118,2161
"CH1225b","CH",,1118,2162
"CH1225c","CH",,1118,2163
"CH1225d","CH",,1118,2164
"CH1225e","CH",,1118,2165
"CH1226","CH",819,1119,2166
"CH1226a","CH",,1119,2167
"CH1227","CH",822,1120,2168
"CH1227a","CH",822,1120,2169
"CH1228","CH",823,1121,2170
"CH1229","CH",,1236,2171
"CH1230","CH",824,1122,2172
"CH1231","CH",,1124,2173
"CH1232","CH",891,1125,2174
"CH1233","CH",826,1126,2175
"CH1234","CH",825,1123,2176
"CH1235","CH",,1127,2177
"CH1236","CH",896,1128,2178
"CH1236a","CH",,1128,2179
"CH1237","CH",,1228,2180
"CH1238","CH",897,1129,2181
"CH1238a","CH",,1129,2182
"CH1239","CH",850,1130,2183
"CH1240","CH",848,1131,2184
"CH1241","CH",851,1132,2185
"CH1242","CH",847,1133,2186
"CH1243","CH",849,1134,2187
"CH1244","CH",,1135,2188
"CH1245","CH",981,1136,2189
"CH1246","CH",,1137,2190
"CH1246a","CH",,1137,2191
"CH1247","CH",846,1138,2192
"CH1248","CH",845,1139,2193
"CH1249","CH",,1224,2194
"CH1250","CH",844,1140,2195
"CH1251","CH",,1225,2196
"CH1252","CH",843,1141,2197
"CH1253","CH",,1230,2198
"CH1254","CH",842,1142,2199
"CH1255","CH",841,1143,2200
"CH1256","CH",839,1144,2201
"CH1257","CH",828,1145,2202
"CH1258","CH",829,1146,2203
"CH1259","CH",830,1147,2204
"CH1260","CH",831,1148,2205
"CH1260a","CH",,1148,2206
"CH1261","CH",840,1149,2207
"CH1262","CH",,1150,2208
"CH1263","CH",838,1151,2209
"CH1264","CH",837,1152,2210
"CH1265","CH",836,1153,2211
"CH1266","CH",835,1154,2212
"CH1267","CH",834,1155,2213
"CH1268","CH",833,1156,2214
"CH1269","CH",969,1157,2215
"CH1270","CH",970,1158,2216
"CH1271","CH",971,1159,2217
"CH1272","CH",972,1160,2218
"CH1272a","CH",,1160,2219
"CH1273","CH",973,1161,2220
"CH1274","CH",974,1162,2221
"CH1275","CH",975,1163,2222
"CH1276","CH",976,1164,2223
"CH1277","CH",977,1165,2224
"CH1277a","CH",,1165,2225
"CH1278","CH",978,1166,2226
"CH1279","CH",979,1167,2227
"CH1280","CH",,1270,2228
"CH1281","CH",980,1168,2229
"CH1282","CH",983,1169,2230
"CH1283","CH",984,1170,2231
"CH1283a","CH",,1170,2232
"CH1284","CH",985,1171,2233
"CH1285","CH",986,1172,2234
"CH1286","CH",987,1173,2235
"CH1287","CH",988,1174,2236
"CH1288","CH",,1175,2237
"CH1289","CH",989,1176,2238
"CH1290","CH",990,1177,2239
"CH1291","CH",991,1178,2240
"CH1292","CH",992,1179,2241
"CH1293","CH",993,1180,2242
"CH1294","CH",994,1181,2243
"CH1294a","CH",,1181,2244
"CH1295","CH",995,1182,2245
"CH1296","CH",,,2246
"CH1297","CH",,,2247
"CH1298","CH",,,2248
"CH1299","CH",,,2249
"CH1300","CH",,,2250
"CH1301","CH",,,2251
"CH1302","CH",748,1003,2252
"CH1303","CH",748,1003,2253
"CH1304","CH",747,,2254
"CH1305","CH",,,2255
"CH1306","CH",,,2256
"CH1307","CH",,,2257
"CH1308","CH",,,2258
"CH1309","CH",,,2259
"CH1310","CH",,,2260
"CH1311","CH",,,2261
"CH1312","CH",,,2262
"CH1313","CH",,,2263
"CH1314","CH",,,2264
"CH1315","CH",,,2265
"CH1316","CH",,,2266
"CH1317","CH",954,,2267
"DI0003","DI",1,,2268
"DI0004","DI",2,,2269
"DI0005","DI",3,,2270
"DI0005a","DI",3,,2271
"DI0006","DI",4,,2272
"DI0007","DI",6,,2273
"DI0007a","DI",7,,2274
"DI0007b","DI",8,,2275
"DI0008","DI",9,,2276
"DI0010","DI",28,,2277
"DI0012","DI",29,,2278
"DI0013","DI",27,,2279
"DI0015","DI",30,,2280
"DI0020","DI",10,,2281
"DI0021","DI",11,,2282
"DI0022","DI",12,,2283
"DI0023","DI",22,,2284
"DI0024","DI",46,,2285
"DI0025","DI",16,,2286
"DI0025a","DI",26,,2287
"DI0026","DI",23,,2288
"DI0027","DI",24,,2289
"DI0028","DI",17,,2290
"DI0028a","DI",17,,2291
"DI0030","DI",18,,2292
"DI0031","DI",19,,2293
"DI0031a","DI",19,,2294
"DI0032","DI",5,,2295
"DI0032a","DI",20,,2296
"DI0033","DI",21,,2297
"DI0035","DI",31,,2298
"DI0038","DI",13,,2299
"DI0039","DI",15,,2300
"DI0039a","DI",15,,2301
"DI0040","DI",14,,2302
"DI0040a","DI",14,,2303
"DI0041","DI",32,,2304
"DI0042","DI",33,,2305
"DI0043","DI",39,,2306
"DI0043a","DI",39,,2307
"DI0044","DI",43,,2308
"DI0044a","DI",37,,2309
"DI0046","DI",38,,2310
"DI0047","DI",41,,2311
"DI0048","DI",40,,2312
"DI0049","DI",42,,2313
"DI0051","DI",44,,2314
"DI0052","DI",45,,2315
"DI0055","DI",34,,2316
"DI0057","DI",35,,2317
"DI0058","DI",36,,2318
"DI0060","DI",47,,2319
"DI0061","DI",48,,2320
"DI0064","DI",82,,2321
"DI0069","DI",50,,2322
"DI0070","DI",51,,2323
"DI0071","DI",52,,2324
"DI0072","DI",,,2325
"DI0073","DI",53,,2326
"DI0075","DI",54,,2327
"DI0076","DI",,,2328
"DI0077","DI",58,,2329
"DI0078","DI",159,,2330
"DI0079","DI",60,,2331
"DI0080","DI",61,,2332
"DI0081","DI",59,,2333
"DI0082","DI",63,,2334
"DI0083","DI",62,,2335
"DI0084","DI",64,,2336
"DI0085","DI",65,,2337
"DI0086","DI",66,,2338
"DI0087","DI",68,,2339
"DI0089","DI",67,,2340
"DI0090","DI",80,,2341
"DI0091","DI",78,,2342
"DI0092","DI",81,,2343
"DI0092b","DI",77,,2344
"DI0093","DI",79,,2345
"DI0093a","DI",79,,2346
"DI0095","DI",82,,2347
"DI0095a","DI",82,,2348
"DI0097","DI",95,,2349
"DI0099","DI",94,,2350
"DI0100","DI",83,,2351
"DI0102","DI",86,,2352
"DI0103","DI",85,,2353
"DI0105","DI",87,,2354
"DI0108","DI",93,,2355
"DI0111","DI",92,,2356
"DI0112","DI",91,,2357
"DI0113","DI",89,,2358
"DI0114","DI",88,,2359
"DI0114a","DI",90,,2360
"DI0115","DI",88,,2361
"DI0118","DI",122,,2362
"DI0119","DI",124,,2363
"DI0120","DI",125,,2364
"DI0121","DI",123,,2365
"DI0122","DI",126,,2366
"DI0124","DI",128,,2367
"DI0125","DI",127,,2368
"DI0125a","DI",127,,2369
"DI0126","DI",25,,2370
"DI0127","DI",129,,2371
"DI0128","DI",130,,2372
"DI0129","DI",132,,2373
"DI0129a","DI",131,,2374
"DI0129b","DI",131,,2375
"DI0130","DI",140,,2376
"DI0130a","DI",84,,2377
"DI0132","DI",133,,2378
"DI0133","DI",134,,2379
"DI0134","DI",135,,2380
"DI0136","DI",136,,2381
"DI0137","DI",137,,2382
"DI0139","DI",139,,2383
"DI0140","DI",138,,2384
"DI0141","DI",141,,2385
"DI0145","DI",55,,2386
"DI0146","DI",116,,2387
"DI0148","DI",56,,2388
"DI0149","DI",57,,2389
"DI0151","DI",71,,2390
"DI0151a","DI",71,,2391
"DI0153","DI",69,,2392
"DI0154","DI",76,,2393
"DI0155","DI",73,,2394
"DI0156","DI",72,,2395
"DI0157","DI",74,,2396
"DI0158","DI",75,,2397
"DI0160","DI",70,,2398
"DI0163","DI",104,,2399
"DI0165","DI",102,,2400
"DI0165a","DI",102,,2401
"DI0166","DI",103,,2402
"DI0166a","DI",103,,2403
"DI0167","DI",96,,2404
"DI0168","DI",98,,2405
"DI0171","DI",97,,2406
"DI0173","DI",99,,2407
"DI0174","DI",100,,2408
"DI0176","DI",105,,2409
"DI0178","DI",106,,2410
"DI0179","DI",101,,2411
"DI0180","DI",121,,2412
"DI0182","DI",107,,2413
"DI0183","DI",108,,2414
"DI0183a","DI",108,,2415
"DI0184","DI",110,,2416
"DI0184a","DI",110,,2417
"DI0185","DI",111,,2418
"DI0185a","DI",111,,2419
"DI0186","DI",109,,2420
"DI0187","DI",120,,2421
"DI0187a","DI",120,,2422
"DI0188","DI",117,,2423
"DI0189","DI",115,,2424
"DI0189a","DI",115,,2425
"DI0190","DI",112,,2426
"DI0190a","DI",113,,2427
"DI0190b","DI",113,,2428
"DI0193","DI",119,,2429
"DI0194","DI",114,,2430
"DI0197","DI",118,,2431
"DI0200","DI",142,,2432
"DI0201","DI",143,,2433
"DI0202","DI",144,,2434
"DI0203","DI",145,,2435
"DI0204","DI",146,,2436
"DI0205","DI",147,,2437
"DI0206","DI",148,,2438
"DI0207","DI",149,,2439
"DI0208","DI",150,,2440
"DI0208a","DI",150,,2441
"DI0209","DI",151,,2442
"DI0211","DI",152,,2443
"DI0212","DI",153,,2444
"DI0213","DI",154,,2445
"DI0214","DI",155,,2446
"DI0215","DI",156,,2447
"DR0001","DR",1,,2448
"DR0002","DR",2,,2449
"DR0003","DR",3,,2450
"DR0004","DR",4,,2451
"DR0005","DR",5,,2452
"DR0006","DR",6,,2453
"DR0007","DR",7,,2454
"DR0008","DR",8,,2455
"DR0009","DR",9,,2456
"DR0010","DR",10,,2457
"DR0011","DR",11,,2458
"DR0012","DR",12,,2459
"DR0013","DR",13,,2460
"DR0014","DR",14,,2461
"DR0015","DR",15,,2462
"DR0016","DR",16,,2463
"DR0017","DR",17,,2464
"DR0018","DR",18,,2465
"DR0019","DR",19,,2466
"DR0020","DR",20,,2467
"DR0021","DR",21,,2468
"DR0022","DR",22,,2469
"DR0023","DR",23,,2470
"DR0024","DR",24,,2471
"DR0025","DR",25,,2472
"DR0026","DR",26,,2473
"DR0027","DR",27,,2474
"DR0028","DR",28,,2475
"DR0029","DR",29,,2476
"DR0030","DR",30,,2477
"DR0031","DR",31,,2478
"DR0032","DR",32,,2479
"DR0033","DR",33,,2480
"DR0034","DR",34,,2481
"DR0035","DR",35,,2482
"DR0036","DR",36,,2483
"DR0037","DR",37,,2484
"DR0038","DR",38,,2485
"DR0039","DR",51,,2486
"DR0040","DR",39,,2487
"DR0041","DR",40,,2488
"DR0042","DR",43,,2489
"DR0043","DR",44,,2490
"DR0044","DR",45,,2491
"DR0045","DR",41,,2492
"DR0046","DR",42,,2493
"DR0047","DR",78,,2494
"DR0048","DR",79,,2495
"DR0049","DR",46,,2496
"DR0050","DR",47,,2497
"DR0051","DR",49,,2498
"DR0052","DR",48,,2499
"DR0053","DR",50,,2500
"DR0054","DR",82,,2501
"DR0055","DR",83,,2502
"DR0056","DR",84,,2503
"DR0058","DR",80,,2504
"DR0059","DR",81,,2505
"DR0060","DR",85,,2506
"DR0061","DR",86,,2507
"DR0062","DR",87,,2508
"DR0063","DR",88,,2509
"DR0064","DR",89,,2510
"DR0065","DR",90,,2511
"DR0066","DR",91,,2512
"DR0067","DR",92,,2513
"DR0068","DR",54,,2514
"DR0069","DR",53,,2515
"DR0070","DR",52,,2516
"DR0071","DR",55,,2517
"DR0072","DR",57,,2518
"DR0073","DR",61,,2519
"DR0074","DR",58,,2520
"DR0075","DR",59,,2521
"DR0076","DR",60,,2522
"DR0077","DR",63,,2523
"DR0078","DR",62,,2524
"DR0079","DR",66,,2525
"DR0080","DR",65,,2526
"DR0081","DR",64,,2527
"DR0082","DR",67,,2528
"DR0083","DR",69,,2529
"DR0084","DR",70,,2530
"DR0085","DR",68,,2531
"DR0086","DR",71,,2532
"DR0087","DR",72,,2533
"DR0088","DR",73,,2534
"DR0089","DR",74,,2535
"DR0090","DR",76,,2536
"DR0091","DR",75,,2537
"DR0092","DR",77,,2538
"DR0093","DR",93,,2539
"DR0094","DR",94,,2540
"DR0095","DR",95,,2541
"DR0096","DR",97,,2542
"DR0096a","DR",98,,2543
"DR0096b","DR",96,,2544
"DR0096c","DR",96,,2545
"DR0097","DR",101,,2546
"DR0098","DR",123,,2547
"DR0099","DR",124,,2548
"DR0100","DR",125,,2549
"DR0101","DR",102,,2550
"DR0101a","DR",102,,2551
"DR0102","DR",103,,2552
"DR0103","DR",105,,2553
"DR0104","DR",104,,2554
"DR0104a","DR",106,,2555
"DR0104b","DR",109,,2556
"DR0104c","DR",100,,2557
"DR0104d","DR",99,,2558
"DR0105","DR",107,,2559
"DR0106","DR",108,,2560
"DR0107","DR",126,,2561
"DR0108","DR",127,,2562
"DR0109","DR",128,,2563
"DR0110","DR",112,,2564
"DR0110a","DR",110,,2565
"DR0110b","DR",114,,2566
"DR0111","DR",115,,2567
"DR0112","DR",129,,2568
"DR0113","DR",134,,2569
"DR0114","DR",135,,2570
"DR0114a","DR",135,,2571
"DR0115","DR",136,,2572
"DR0116","DR",130,,2573
"DR0117","DR",131,,2574
"DR0118","DR",132,,2575
"DR0119","DR",133,,2576
"DR0120","DR",139,,2577
"DR0121","DR",137,,2578
"DR0122","DR",138,,2579
"DR0123","DR",140,,2580
"DR0124","DR",141,,2581
"DR0125","DR",142,,2582
"DR0126","DR",144,,2583
"DR0127","DR",143,,2584
"DR0128","DR",145,,2585
"DR0129","DR",146,,2586
"DR0130","DR",116,,2587
"DR0131","DR",117,,2588
"DR0132","DR",118,,2589
"DR0133","DR",119,,2590
"DR0134","DR",120,,2591
"DR0135","DR",121,,2592
"DR0136","DR",122,,2593
"DR0138","DR",157,,2594
"DR0139","DR",156,,2595
"DR0140","DR",155,,2596
"DR0141","DR",147,,2597
"DR0142","DR",148,,2598
"DR0143","DR",149,,2599
"DR0144","DR",151,,2600
"DR0145","DR",150,,2601
"DR0146","DR",152,,2602
"DR0147","DR",153,,2603
"DR0148","DR",154,,2604
"DR0149","DR",159,,2605
"DR0150","DR",158,,2606
"DR0151","DR",166,,2607
"DR0152","DR",167,,2608
"DR0153","DR",172,,2609
"DR0154","DR",173,,2610
"DR0155","DR",191,,2611
"DR0156","DR",174,,2612
"DR0157","DR",175,,2613
"DR0158","DR",176,,2614
"DR0158a","DR",176,,2615
"DR0159","DR",196,,2616
"DR0160","DR",195,,2617
"DR0161","DR",194,,2618
"DR0162","DR",192,,2619
"DR0163","DR",193,,2620
"DR0165","DR",177,,2621
"DR0166","DR",189,,2622
"DR0167","DR",190,,2623
"DR0169","DR",179,,2624
"DR0170","DR",178,,2625
"DR0170a","DR",178,,2626
"DR0170b","DR",178,,2627
"DR0170c","DR",178,,2628
"DR0170e","DR",178,,2629
"DR0170f","DR",178,,2630
"DR0171","DR",181,,2631
"DR0172","DR",182,,2632
"DR0173","DR",183,,2633
"DR0174","DR",185,,2634
"DR0174a","DR",178,,2635
"DR0175","DR",180,,2636
"DR0175a","DR",180,,2637
"DR0176","DR",184,,2638
"DR0177","DR",186,,2639
"DR0178","DR",187,,2640
"DR0178a","DR",187,,2641
"DR0178b","DR",187,,2642
"DR0178c","DR",187,,2643
"DR0178d","DR",187,,2644
"DR0179","DR",188,,2645
"DR0180","DR",171,,2646
"DR0181","DR",170,,2647
"DR0182","DR",168,,2648
"DR0182a","DR",168,,2649
"DR0183","DR",169,,2650
"DR0184","DR",160,,2651
"DR0185","DR",164,,2652
"DR0186","DR",165,,2653
"DR0187","DR",161,,2654
"DR0188","DR",162,,2655
"DR0189","DR",163,,2656
"DU0001","DU",1,,2657
"DU0002","DU",2,,2658
"DU0003","DU",3,,2659
"DU0004","DU",4,,2660
"DU0005","DU",5,,2661
"DU0006","DU",6,,2662
"DU0007","DU",7,,2663
"DU0008","DU",9,,2664
"DU0009","DU",10,,2665
"DU0010","DU",13,,2666
"DU0011","DU",14,,2667
"DU0012","DU",11,,2668
"DU0013","DU",12,,2669
"DU0014","DU",15,,2670
"DU0015","DU",18,,2671
"DU0016","DU",17,,2672
"DU0017","DU",16,,2673
"DU0018","DU",19,,2674
"DU0019","DU",20,,2675
"DU0020","DU",21,,2676
"DU0021","DU",22,,2677
"DU0022","DU",23,,2678
"DU0023","DU",8,,2679
"DU0024","DU",25,,2680
"DU0025","DU",26,,2681
"DU0026","DU",24,,2682
"DU0027","DU",28,,2683
"DU0028","DU",29,,2684
"DU0029","DU",30,,2685
"DU0030","DU",31,,2686
"DU0031","DU",32,,2687
"DU0032","DU",33,,2688
"DU0033","DU",34,,2689
"DU0034","DU",35,,2690
"DU0035","DU",36,,2691
"DU0036","DU",37,,2692
"DU0037","DU",27,,2693
"DU0038","DU",39,,2694
"DU0039","DU",40,,2695
"DU0040","DU",41,,2696
"DU0041","DU",42,,2697
"DU0042","DU",43,,2698
"DU0043","DU",44,,2699
"DU0044","DU",45,,2700
"DU0045","DU",46,,2701
"DU0046","DU",47,,2702
"DU0047","DU",48,,2703
"DU0048","DU",49,,2704
"DU0049","DU",50,,2705
"DU0050","DU",51,,2706
"DU0051","DU",52,,2707
"DU0052","DU",53,,2708
"DU0053","DU",54,,2709
"DU0054","DU",55,,2710
"DU0055","DU",56,,2711
"DU0056","DU",57,,2712
"DU0057","DU",58,,2713
"DU0058","DU",62,,2714
"DU0059","DU",68,,2715
"DU0060","DU",69,,2716
"DU0061","DU",59,,2717
"DU0062","DU",60,,2718
"DU0063","DU",61,,2719
"DU0064","DU",66,,2720
"DU0064a","DU",66,,2721
"DU0065","DU",67,,2722
"DU0066","DU",63,,2723
"DU0067","DU",64,,2724
"DU0068","DU",65,,2725
"DU0069","DU",73,,2726
"DU0070","DU",72,,2727
"DU0071","DU",71,,2728
"DU0072","DU",75,,2729
"DU0073","DU",76,,2730
"DU0073a","DU",70,,2731
"DU0074","DU",77,,2732
"DU0075","DU",100,,2733
"DU0076","DU",82,,2734
"DU0077","DU",80,,2735
"DU0078","DU",95,,2736
"DU0079","DU",94,,2737
"DU0080","DU",96,,2738
"DU0081","DU",93,,2739
"DU0082","DU",91,,2740
"DU0083","DU",92,,2741
"DU0084","DU",90,,2742
"DU0085","DU",89,,2743
"DU0086","DU",86,,2744
"DU0087","DU",87,,2745
"DU0088","DU",85,,2746
"DU0089","DU",88,,2747
"DU0090","DU",84,,2748
"DU0091","DU",74,,2749
"DU0092","DU",81,,2750
"DU0093","DU",78,,2751
"DU0094","DU",79,,2752
"DU0095","DU",97,,2753
"DU0096","DU",98,,2754
"DU0097","DU",99,,2755
"DU0098","DU",101,,2756
"DU0099","DU",102,,2757
"DU0100","DU",103,,2758
"DU0101","DU",104,,2759
"DU0102","DU",105,,2760
"DU0103","DU",107,,2761
"DU0104","DU",106,,2762
"DU0105","DU",108,,2763
"DU0106","DU",109,,2764
"DU0107","DU",110,,2765
"DU0108","DU",111,,2766
"DU0109","DU",112,,2767
"DU0110","DU",120,,2768
"DU0111","DU",121,,2769
"DU0112","DU",122,,2770
"DU0113","DU",123,,2771
"DU0114","DU",124,,2772
"DU0115","DU",125,,2773
"DU0116","DU",113,,2774
"DU0117","DU",126,,2775
"DU0118","DU",117,,2776
"DU0119","DU",116,,2777
"DU0120","DU",114,,2778
"DU0121","DU",115,,2779
"DU0122","DU",118,,2780
"DU0124","DU",127,,2781
"DU0125","DU",128,,2782
"DU0126","DU",129,,2783
"DU0128","DU",130,,2784
"DU0129","DU",131,,2785
"DU0130","DU",132,,2786
"DU0131","DU",133,,2787
"DU0132","DU",134,,2788
"DU0133","DU",140,,2789
"DU0134","DU",139,,2790
"DU0135","DU",141,,2791
"DU0136","DU",135,,2792
"DU0137","DU",137,,2793
"DU0138","DU",136,,2794
"DU0139","DU",138,,2795
"DU0140","DU",142,,2796
"DU0141","DU",144,,2797
"DU0142","DU",145,,2798
"DU0143","DU",146,,2799
"DU0144","DU",147,,2800
"DU0145","DU",148,,2801
"DU0147","DU",149,,2802
"DU0148","DU",151,,2803
"DU0149","DU",152,,2804
"DU0150","DU",154,,2805
"DU0151","DU",143,,2806
"DU0152","DU",153,,2807
"DU0153","DU",155,,2808
"DU0154","DU",156,,2809
"DU0155","DU",157,,2810
"DU0156","DU",158,,2811
"DU0157","DU",159,,2812
"DU0158","DU",160,,2813
"DU0159","DU",161,,2814
"DU0160","DU",162,,2815
"DU0162","DU",164,,2816
"DU0163","DU",165,,2817
"DU0164","DU",166,,2818
"DU0165","DU",167,,2819
"DU0166","DU",168,,2820
"DU0168","DU",169,,2821
"DU0169","DU",172,,2822
"DU0169a","DU",170,,2823
"DU0170","DU",171,,2824
"DU0171","DU",173,,2825
"DU0172","DU",174,,2826
"DU0173","DU",177,,2827
"DU0174","DU",175,,2828
"DU0175","DU",187,,2829
"DU0176","DU",179,,2830
"DU0177","DU",178,,2831
"DU0179","DU",182,,2832
"DU0180","DU",181,,2833
"DU0181","DU",180,,2834
"DU0184","DU",183,,2835
"DU0185","DU",184,,2836
"DU0187","DU",185,,2837
"DU0188","DU",186,,2838
"DU0189","DU",188,,2839
"DU0190","DU",189,,2840
"DU0191","DU",191,,2841
"DU0192","DU",190,,2842
"DU0193","DU",192,,2843
"DU0194","DU",197,,2844
"DU0195","DU",198,,2845
"DU0196","DU",203,,2846
"DU0197","DU",194,,2847
"DU0198","DU",193,,2848
"DU0199","DU",195,,2849
"DU0200","DU",200,,2850
"DU0201","DU",201,,2851
"DU0202","DU",202,,2852
"DU0205","DU",199,,2853
"DU0206","DU",196,,2854
"DU0208","DU",204,,2855
"DU0210","DU",412,,2856
"DU0212","DU",206,,2857
"DU0215","DU",205,,2858
"DU0219","DU",206,,2859
"DU0221","DU",207,,2860
"DU0222","DU",208,,2861
"DU0224","DU",209,,2862
"DU0225","DU",210,,2863
"DU0226","DU",211,,2864
"DU0228","DU",212,,2865
"DU0229","DU",213,,2866
"DU0230","DU",214,,2867
"DU0230a","DU",214,,2868
"DU0231","DU",215,,2869
"DU0232","DU",217,,2870
"DU0234","DU",225,,2871
"DU0235","DU",226,,2872
"DU0236","DU",218,,2873
"DU0237","DU",219,,2874
"DU0238","DU",227,,2875
"DU0239","DU",228,,2876
"DU0240","DU",220,,2877
"DU0241","DU",221,,2878
"DU0242","DU",229,,2879
"DU0243","DU",230,,2880
"DU0244","DU",449,,2881
"DU0245","DU",222,,2882
"DU0246","DU",223,,2883
"DU0247","DU",224,,2884
"DU0248","DU",419,,2885
"DU0249","DU",395,,2886
"DU0251","DU",396,,2887
"DU0255","DU",399,,2888
"DU0255a","DU",399,,2889
"DU0257","DU",397,,2890
"DU0258","DU",398,,2891
"DU0259","DU",400,,2892
"DU0261","DU",400,,2893
"DU0262","DU",401,,2894
"DU0263","DU",402,,2895
"DU0266","DU",405,,2896
"DU0268","DU",403,,2897
"DU0269","DU",232,,2898
"DU0272","DU",233,,2899
"DU0273","DU",234,,2900
"DU0274","DU",235,,2901
"DU0276","DU",236,,2902
"DU0279","DU",237,,2903
"DU0280","DU",239,,2904
"DU0281","DU",238,,2905
"DU0282","DU",241,,2906
"DU0283","DU",240,,2907
"DU0284","DU",242,,2908
"DU0285","DU",243,,2909
"DU0286","DU",244,,2910
"DU0288","DU",245,,2911
"DU0290","DU",246,,2912
"DU0291","DU",247,,2913
"DU0292","DU",248,,2914
"DU0293","DU",249,,2915
"DU0294","DU",250,,2916
"DU0295","DU",251,,2917
"DU0296","DU",252,,2918
"DU0297","DU",253,,2919
"DU0298","DU",254,,2920
"DU0299","DU",255,,2921
"DU0300","DU",257,,2922
"DU0301","DU",256,,2923
"DU0302","DU",258,,2924
"DU0303","DU",260,,2925
"DU0304","DU",259,,2926
"DU0305","DU",261,,2927
"DU0306","DU",262,,2928
"DU0310","DU",318,,2929
"DU0312","DU",315,,2930
"DU0313","DU",316,,2931
"DU0314","DU",317,,2932
"DU0315","DU",319,,2933
"DU0316","DU",263,,2934
"DU0317","DU",264,,2935
"DU0318","DU",265,,2936
"DU0319","DU",266,,2937
"DU0320","DU",267,,2938
"DU0321","DU",268,,2939
"DU0322","DU",269,,2940
"DU0323","DU",271,,2941
"DU0324","DU",270,,2942
"DU0325","DU",272,,2943
"DU0329","DU",273,,2944
"DU0333","DU",274,,2945
"DU0335","DU",284,,2946
"DU0336","DU",276,,2947
"DU0337","DU",277,,2948
"DU0338","DU",278,,2949
"DU0339","DU",279,,2950
"DU0340","DU",280,,2951
"DU0341","DU",313,,2952
"DU0342","DU",314,,2953
"DU0343","DU",334,,2954
"DU0347","DU",163,,2955
"DU0350","DU",296,,2956
"DU0351","DU",297,,2957
"DU0354","DU",299,,2958
"DU0355","DU",302,,2959
"DU0357","DU",301,,2960
"DU0358","DU",303,,2961
"DU0359","DU",305,,2962
"DU0360","DU",306,,2963
"DU0361","DU",304,,2964
"DU0362","DU",307,,2965
"DU0363","DU",308,,2966
"DU0364","DU",309,,2967
"DU0364a","DU",312,,2968
"DU0365","DU",310,,2969
"DU0365a","DU",310,,2970
"DU0366","DU",311,,2971
"DU0367","DU",349,,2972
"DU0370","DU",351,,2973
"DU0372","DU",352,,2974
"DU0373","DU",353,,2975
"DU0374","DU",354,,2976
"DU0375","DU",355,,2977
"DU0378","DU",363,,2978
"DU0381","DU",348,,2979
"DU0382","DU",336,,2980
"DU0383","DU",337,,2981
"DU0384","DU",338,,2982
"DU0385","DU",339,,2983
"DU0387","DU",340,,2984
"DU0388","DU",341,,2985
"DU0389","DU",342,,2986
"DU0390","DU",,,2987
"DU0394","DU",320,,2988
"DU0395","DU",321,,2989
"DU0396","DU",322,,2990
"DU0397","DU",325,,2991
"DU0397a","DU",326,,2992
"DU0398","DU",327,,2993
"DU0399","DU",328,,2994
"DU0399a","DU",328,,2995
"DU0399b","DU",328,,2996
"DU0399c","DU",328,,2997
"DU0399d","DU",331,,2998
"DU0399e","DU",323,,2999
"DU0399f","DU",328,,3000
"DU0400","DU",330,,3001
"DU0401","DU",329,,3002
"DU0404","DU",343,,3003
"DU0405","DU",346,,3004
"DU0406","DU",345,,3005
"DU0407","DU",347,,3006
"DU0408","DU",362,,3007
"DU0409","DU",363,,3008
"DU0411","DU",364,,3009
"DU0412","DU",362,,3010
"DU0412a","DU",362,,3011
"DU0412b","DU",362,,3012
"DU0413","DU",361,,3013
"DU0413a","DU",361,,3014
"DU0414","DU",216,,3015
"DU0414a","DU",365,,3016
"DU0414b","DU",366,,3017
"DU0415","DU",367,,3018
"DU0416","DU",359,,3019
"DU0417","DU",360,,3020
"DU0418","DU",356,,3021
"DU0419","DU",357,,3022
"DU0420","DU",358,,3023
"DU0421","DU",387,,3024
"DU0422","DU",386,,3025
"DU0423","DU",388,,3026
"DU0423a","DU",389,,3027
"DU0425","DU",390,,3028
"DU0428","DU",,,3029
"DU0429","DU",391,,3030
"DU0431","DU",392,,3031
"DU0436","DU",393,,3032
"DU0451","DU",394,,3033
"DU0452","DU",394,,3034
"DU0455","DU",406,,3035
"DU0456","DU",407,,3036
"DU0457","DU",408,,3037
"DU0461","DU",410,,3038
"DU0461a","DU",410,,3039
"DU0464","DU",414,,3040
"DU0465","DU",415,,3041
"DU0467","DU",411,,3042
"DU0468","DU",413,,3043
"DU0469","DU",412,,3044
"DU0472","DU",416,,3045
"DU0475","DU",370,,3046
"DU0476","DU",372,,3047
"DU0477","DU",373,,3048
"DU0478","DU",375,,3049
"DU0479","DU",374,,3050
"DU0479a","DU",374,,3051
"DU0480","DU",376,,3052
"DU0481","DU",377,,3053
"DU0482","DU",378,,3054
"DU0483","DU",379,,3055
"DU0484","DU",383,,3056
"DU0485","DU",380,,3057
"DU0486","DU",381,,3058
"DU0487","DU",382,,3059
"DU0488","DU",384,,3060
"DU0489","DU",385,,3061
"DU0490","DU",442,,3062
"DU0491","DU",443,,3063
"DU0491a","DU",443,,3064
"DU0491b","DU",443,,3065
"DU0491c","DU",443,,3066
"DU0492","DU",444,,3067
"DU0493","DU",445,,3068
"DU0494","DU",446,,3069
"DU0495","DU",447,,3070
"DU0496","DU",448,,3071
"DU0497","DU",449,,3072
"DU0498","DU",450,,3073
"DU0499","DU",451,,3074
"DU0500","DU",452,,3075
"DU0501","DU",453,,3076
"DU0502","DU",454,,3077
"DU0503","DU",456,,3078
"DU0504","DU",455,,3079
"DU0505","DU",458,,3080
"DU0506","DU",460,,3081
"DU0507","DU",459,,3082
"DU0508","DU",461,,3083
"DU0509","DU",462,,3084
"DU0510","DU",464,,3085
"DU0511","DU",463,,3086
"DU0512","DU",465,,3087
"DU0513","DU",466,,3088
"DU0514","DU",467,,3089
"DU0515","DU",468,,3090
"DU0517","DU",469,,3091
"DU0518","DU",470,,3092
"DU0519","DU",471,,3093
"DU0520","DU",472,,3094
"DU0521","DU",473,,3095
"DU0521a","DU",457,,3096
"DU0523","DU",475,,3097
"DU0524","DU",476,,3098
"DU0525","DU",477,,3099
"DU0527","DU",478,,3100
"DU0528","DU",480,,3101
"DU0529","DU",417,,3102
"DU0530","DU",418,,3103
"DU0533","DU",420,,3104
"DU0534","DU",421,,3105
"DU0534a","DU",424,,3106
"DU0535","DU",422,,3107
"DU0537","DU",423,,3108
"DU0538","DU",425,,3109
"DU0539","DU",426,,3110
"DU0541","DU",481,,3111
"DU0543","DU",489,,3112
"DU0544","DU",491,,3113
"DU0545","DU",490,,3114
"DU0546","DU",492,,3115
"DU0547","DU",482,,3116
"DU0548","DU",483,,3117
"DU0549","DU",485,,3118
"DU0550","DU",484,,3119
"DU0551","DU",486,,3120
"DU0553","DU",487,,3121
"DU0554","DU",488,,3122
"DU0556","DU",427,,3123
"DU0557","DU",428,,3124
"DU0558","DU",429,,3125
"DU0559","DU",430,,3126
"DU0560","DU",431,,3127
"DU0561","DU",433,,3128
"DU0562","DU",434,,3129
"DU0564","DU",,,3130
"DU0565","DU",432,,3131
"DU0568","DU",441,,3132
"DU0569","DU",38,,3133
"DU0570","DU",38,,3134
"EC0001","EC",1,,3135
"EC0002","EC",2,,3136
"EC0002a","EC",2,,3137
"EC0003","EC",4,,3138
"EC0004","EC",31,,3139
"EC0005","EC",6,,3140
"EC0007","EC",5,,3141
"EC0008","EC",7,,3142
"EC0009","EC",8,,3143
"EC0011","EC",9,,3144
"EC0012","EC",12,,3145
"EC0013","EC",10,,3146
"EC0014","EC",13,,3147
"EC0015","EC",14,,3148
"EC0016","EC",11,,3149
"EC0016a","EC",11,,3150
"EC0017","EC",1026,,3151
"EC0019","EC",15,,3152
"EC0021","EC",16,,3153
"EC0021a","EC",16,,3154
"EC0023","EC",22,,3155
"EC0024","EC",23,,3156
"EC0025","EC",25,,3157
"EC0025a","EC",24,,3158
"EC0025b","EC",24,,3159
"EC0026","EC",26,,3160
"EC0027","EC",27,,3161
"EC0028","EC",1030,,3162
"EC0029","EC",28,,3163
"EC0029a","EC",28,,3164
"EC0030","EC",1031,,3165
"EC0031","EC",17,,3166
"EC0032","EC",1157,,3167
"EC0034","EC",18,,3168
"EC0035","EC",19,,3169
"EC0036","EC",20,,3170
"EC0037","EC",21,,3171
"EC0038","EC",392,,3172
"EC0038a","EC",392,,3173
"EC0039","EC",30,,3174
"EC0040","EC",29,,3175
"EC0041","EC",35,,3176
"EC0042","EC",34,,3177
"EC0043","EC",37,,3178
"EC0044","EC",36,,3179
"EC0045","EC",32,,3180
"EC0046","EC",392,,3181
"EC0047","EC",33,,3182
"EC0048","EC",39,,3183
"EC0049","EC",40,,3184
"EC0051","EC",38,,3185
"EC0051a","EC",38,,3186
"EC0053","EC",42,,3187
"EC0054","EC",43,,3188
"EC0055","EC",44,,3189
"EC0056","EC",41,,3190
"EC0057","EC",1044,,3191
"EC0058","EC",46,,3192
"EC0058a","EC",46,,3193
"EC0059","EC",45,,3194
"EC0060","EC",1046,,3195
"EC0062","EC",403,,3196
"EC0062a","EC",403,,3197
"EC0063","EC",404,,3198
"EC0065","EC",407,,3199
"EC0066","EC",405,,3200
"EC0067","EC",406,,3201
"EC0068","EC",408,,3202
"EC0069","EC",409,,3203
"EC0070","EC",353,,3204
"EC0071","EC",412,,3205
"EC0072","EC",410,,3206
"EC0073","EC",411,,3207
"EC0074","EC",1154,,3208
"EC0074a","EC",1154,,3209
"EC0074b","EC",1154,,3210
"EC0075","EC",371,,3211
"EC0076","EC",415,,3212
"EC0077","EC",420,,3213
"EC0078","EC",421,,3214
"EC0079","EC",422,,3215
"EC0081","EC",416,,3216
"EC0081a","EC",413,,3217
"EC0083","EC",417,,3218
"EC0084","EC",418,,3219
"EC0085","EC",419,,3220
"EC0088","EC",1157,,3221
"EC0088a","EC",1157,,3222
"EC0090","EC",423,,3223
"EC0092","EC",414,,3224
"EC0098","EC",424,,3225
"EC0098a","EC",424,,3226
"EC0101","EC",425,,3227
"EC0102","EC",121,,3228
"EC0104","EC",1160,,3229
"EC0104a","EC",1160,,3230
"EC0107","EC",427,,3231
"EC0107a","EC",427,,3232
"EC0108","EC",426,,3233
"EC0109","EC",1162,,3234
"EC0110","EC",428,,3235
"EC0111","EC",1008,,3236
"EC0115","EC",430,,3237
"EC0115a","EC",429,,3238
"EC0116","EC",431,,3239
"EC0117","EC",47,,3240
"EC0118","EC",47,,3241
"EC0119","EC",49,,3242
"EC0120","EC",48,,3243
"EC0121","EC",1017,,3244
"EC0121a","EC",1017,,3245
"EC0121b","EC",1017,,3246
"EC0122","EC",1049,,3247
"EC0123","EC",50,,3248
"EC0125","EC",51,,3249
"EC0126","EC",52,,3250
"EC0127","EC",53,,3251
"EC0128","EC",1051,,3252
"EC0129","EC",54,,3253
"EC0130","EC",1019,,3254
"EC0130a","EC",1018,,3255
"EC0131","EC",1018,,3256
"EC0132","EC",55,,3257
"EC0133","EC",56,,3258
"EC0135","EC",57,,3259
"EC0136","EC",58,,3260
"EC0137","EC",61,,3261
"EC0137a","EC",61,,3262
"EC0137b","EC",61,,3263
"EC0137c","EC",61,,3264
"EC0139","EC",59,,3265
"EC0140","EC",1018,,3266
"EC0140a","EC",1018,,3267
"EC0140b","EC",1018,,3268
"EC0141","EC",63,,3269
"EC0142","EC",60,,3270
"EC0144","EC",62,,3271
"EC0145","EC",1153,,3272
"EC0146","EC",64,,3273
"EC0147","EC",65,,3274
"EC0148","EC",66,,3275
"EC0150","EC",67,,3276
"EC0157","EC",447,,3277
"EC0158","EC",1085,,3278
"EC0159","EC",447,,3279
"EC0160","EC",446,,3280
"EC0161","EC",449,,3281
"EC0163","EC",1087,,3282
"EC0164","EC",452,,3283
"EC0166","EC",450,,3284
"EC0167","EC",448,,3285
"EC0168","EC",1090,,3286
"EC0169","EC",451,,3287
"EC0171","EC",453,,3288
"EC0172","EC",454,,3289
"EC0173","EC",457,,3290
"EC0175","EC",455,,3291
"EC0176","EC",456,,3292
"EC0177","EC",458,,3293
"EC0178","EC",459,,3294
"EC0179","EC",1093,,3295
"EC0180","EC",460,,3296
"EC0181","EC",461,,3297
"EC0182","EC",462,,3298
"EC0184","EC",463,,3299
"EC0185","EC",464,,3300
"EC0186","EC",465,,3301
"EC0186a","EC",465,,3302
"EC0188","EC",466,,3303
"EC0189","EC",1101,,3304
"EC0190","EC",476,,3305
"EC0191","EC",1102,,3306
"EC0192","EC",467,,3307
"EC0193","EC",469,,3308
"EC0195","EC",470,,3309
"EC0196","EC",445,,3310
"EC0198","EC",1106,,3311
"EC0199","EC",471,,3312
"EC0200","EC",1107,,3313
"EC0201","EC",1108,,3314
"EC0202","EC",472,,3315
"EC0202a","EC",472,,3316
"EC0202b","EC",472,,3317
"EC0203","EC",473,,3318
"EC0203a","EC",473,,3319
"EC0204","EC",474,,3320
"EC0204a","EC",474,,3321
"EC0205","EC",1111,,3322
"EC0207","EC",475,,3323
"EC0207a","EC",475,,3324
"EC0209","EC",68,,3325
"EC0210","EC",69,,3326
"EC0211","EC",70,,3327
"EC0212","EC",92,,3328
"EC0213","EC",71,,3329
"EC0214","EC",72,,3330
"EC0215","EC",73,,3331
"EC0217","EC",1015,,3332
"EC0218","EC",74,,3333
"EC0219","EC",76,,3334
"EC0219a","EC",76,,3335
"EC0220","EC",75,,3336
"EC0221","EC",85,,3337
"EC0223","EC",86,,3338
"EC0224","EC",87,,3339
"EC0224a","EC",87,,3340
"EC0225","EC",88,,3341
"EC0225a","EC",88,,3342
"EC0226","EC",89,,3343
"EC0227","EC",90,,3344
"EC0228","EC",91,,3345
"EC0228a","EC",481,,3346
"EC0229","EC",94,,3347
"EC0229a","EC",94,,3348
"EC0230","EC",95,,3349
"EC0231","EC",77,,3350
"EC0232","EC",79,,3351
"EC0234","EC",82,,3352
"EC0235","EC",83,,3353
"EC0236","EC",80,,3354
"EC0237","EC",81,,3355
"EC0237a","EC",78,,3356
"EC0238","EC",84,,3357
"EC0239","EC",112,,3358
"EC0239a","EC",112,,3359
"EC0240","EC",113,,3360
"EC0241","EC",93,,3361
"EC0242","EC",98,,3362
"EC0243","EC",96,,3363
"EC0244","EC",99,,3364
"EC0245","EC",97,,3365
"EC0246","EC",100,,3366
"EC0247","EC",114,,3367
"EC0248","EC",115,,3368
"EC0248a","EC",115,,3369
"EC0249","EC",117,,3370
"EC0250","EC",116,,3371
"EC0251","EC",102,,3372
"EC0252","EC",1014,,3373
"EC0252a","EC",1014,,3374
"EC0253","EC",101,,3375
"EC0254","EC",103,,3376
"EC0255","EC",104,,3377
"EC0255a","EC",104,,3378
"EC0256","EC",106,,3379
"EC0257","EC",105,,3380
"EC0258","EC",108,,3381
"EC0259","EC",109,,3382
"EC0260","EC",120,,3383
"EC0260a","EC",122,,3384
"EC0261","EC",107,,3385
"EC0262","EC",110,,3386
"EC0263","EC",1016,,3387
"EC0264","EC",111,,3388
"EC0265","EC",118,,3389
"EC0266","EC",119,,3390
"EC0267","EC",481,,3391
"EC0268","EC",121,,3392
"EC0269","EC",123,,3393
"EC0270","EC",124,,3394
"EC0271","EC",125,,3395
"EC0272","EC",126,,3396
"EC0273","EC",127,,3397
"EC0274","EC",129,,3398
"EC0275","EC",128,,3399
"EC0276","EC",130,,3400
"EC0277","EC",131,,3401
"EC0278","EC",132,,3402
"EC0279","EC",134,,3403
"EC0280","EC",133,,3404
"EC0281","EC",135,,3405
"EC0282","EC",136,,3406
"EC0283","EC",139,,3407
"EC0284","EC",137,,3408
"EC0285","EC",138,,3409
"EC0286","EC",146,,3410
"EC0287","EC",145,,3411
"EC0288","EC",147,,3412
"EC0289","EC",141,,3413
"EC0290","EC",148,,3414
"EC0291","EC",149,,3415
"EC0292","EC",140,,3416
"EC0293","EC",142,,3417
"EC0294","EC",143,,3418
"EC0295","EC",144,,3419
"EC0296","EC",150,,3420
"EC0297","EC",151,,3421
"EC0298","EC",152,,3422
"EC0299","EC",153,,3423
"EC0300","EC",155,,3424
"EC0301","EC",154,,3425
"EC0302","EC",156,,3426
"EC0303","EC",157,,3427
"EC0303a","EC",157,,3428
"EC0304","EC",158,,3429
"EC0305","EC",160,,3430
"EC0306","EC",159,,3431
"EC0307","EC",161,,3432
"EC0308","EC",162,,3433
"EC0309","EC",164,,3434
"EC0310","EC",163,,3435
"EC0311","EC",165,,3436
"EC0312","EC",166,,3437
"EC0313","EC",167,,3438
"EC0314","EC",168,,3439
"EC0315","EC",170,,3440
"EC0316","EC",171,,3441
"EC0317","EC",169,,3442
"EC0318","EC",187,,3443
"EC0319","EC",178,,3444
"EC0319a","EC",178,,3445
"EC0320","EC",179,,3446
"EC0321","EC",177,,3447
"EC0321a","EC",177,,3448
"EC0322","EC",175,,3449
"EC0323","EC",173,,3450
"EC0324","EC",172,,3451
"EC0325","EC",180,,3452
"EC0326","EC",182,,3453
"EC0327","EC",181,,3454
"EC0328","EC",185,,3455
"EC0329","EC",184,,3456
"EC0330","EC",183,,3457
"EC0331","EC",174,,3458
"EC0332","EC",176,,3459
"EC0333","EC",186,,3460
"EC0334","EC",190,,3461
"EC0335","EC",189,,3462
"EC0336","EC",188,,3463
"EC0337","EC",191,,3464
"EC0338","EC",192,,3465
"EC0339","EC",193,,3466
"EC0340","EC",194,,3467
"EC0341","EC",195,,3468
"EC0342","EC",196,,3469
"EC0343","EC",197,,3470
"EC0344","EC",198,,3471
"EC0345","EC",199,,3472
"EC0346","EC",200,,3473
"EC0347","EC",202,,3474
"EC0348","EC",201,,3475
"EC0349","EC",205,,3476
"EC0349a","EC",203,,3477
"EC0351","EC",207,,3478
"EC0352","EC",212,,3479
"EC0353","EC",208,,3480
"EC0353a","EC",208,,3481
"EC0354","EC",209,,3482
"EC0355","EC",210,,3483
"EC0355a","EC",210,,3484
"EC0355b","EC",210,,3485
"EC0356","EC",211,,3486
"EC0357","EC",222,,3487
"EC0358","EC",213,,3488
"EC0359","EC",214,,3489
"EC0360","EC",215,,3490
"EC0361","EC",216,,3491
"EC0362","EC",217,,3492
"EC0363","EC",218,,3493
"EC0364","EC",219,,3494
"EC0364a","EC",219,,3495
"EC0365","EC",220,,3496
"EC0366","EC",221,,3497
"EC0367","EC",224,,3498
"EC0368","EC",223,,3499
"EC0369","EC",230,,3500
"EC0369a","EC",230,,3501
"EC0370","EC",227,,3502
"EC0371","EC",228,,3503
"EC0372","EC",225,,3504
"EC0373","EC",226,,3505
"EC0374","EC",229,,3506
"EC0375","EC",237,,3507
"EC0376","EC",236,,3508
"EC0376a","EC",238,,3509
"EC0377","EC",239,,3510
"EC0378","EC",233,,3511
"EC0379","EC",234,,3512
"EC0380","EC",231,,3513
"EC0382","EC",232,,3514
"EC0385","EC",235,,3515
"EC0386","EC",242,,3516
"EC0387","EC",247,,3517
"EC0388","EC",255,,3518
"EC0389","EC",245,,3519
"EC0390","EC",241,,3520
"EC0390a","EC",241,,3521
"EC0391","EC",244,,3522
"EC0391a","EC",243,,3523
"EC0391b","EC",243,,3524
"EC0391c","EC",243,,3525
"EC0391d","EC",243,,3526
"EC0392","EC",246,,3527
"EC0395","EC",249,,3528
"EC0397","EC",251,,3529
"EC0398","EC",250,,3530
"EC0399","EC",252,,3531
"EC0400","EC",253,,3532
"EC0400a","EC",254,,3533
"EC0401","EC",256,,3534
"EC0401a","EC",256,,3535
"EC0402","EC",257,,3536
"EC0403","EC",258,,3537
"EC0404","EC",261,,3538
"EC0405","EC",259,,3539
"EC0406","EC",260,,3540
"EC0407","EC",263,,3541
"EC0408","EC",264,,3542
"EC0409","EC",262,,3543
"EC0410","EC",272,,3544
"EC0412","EC",1222,,3545
"EC0413","EC",265,,3546
"EC0414","EC",266,,3547
"EC0415","EC",267,,3548
"EC0416","EC",268,,3549
"EC0417","EC",269,,3550
"EC0418","EC",270,,3551
"EC0419","EC",271,,3552
"EC0420","EC",275,,3553
"EC0421","EC",274,,3554
"EC0422","EC",276,,3555
"EC0423","EC",290,,3556
"EC0424","EC",273,,3557
"EC0425","EC",279,,3558
"EC0426","EC",280,,3559
"EC0427","EC",277,,3560
"EC0428","EC",281,,3561
"EC0429","EC",291,,3562
"EC0430","EC",293,,3563
"EC0431","EC",292,,3564
"EC0432","EC",286,,3565
"EC0433","EC",283,,3566
"EC0433a","EC",283,,3567
"EC0433b","EC",283,,3568
"EC0434","EC",282,,3569
"EC0435","EC",278,,3570
"EC0436","EC",284,,3571
"EC0437","EC",294,,3572
"EC0438","EC",295,,3573
"EC0439","EC",285,,3574
"EC0440","EC",287,,3575
"EC0441","EC",288,,3576
"EC0442","EC",289,,3577
"EC0443","EC",296,,3578
"EC0444","EC",309,,3579
"EC0445","EC",312,,3580
"EC0446","EC",311,,3581
"EC0447","EC",1112,,3582
"EC0449","EC",313,,3583
"EC0450","EC",316,,3584
"EC0451","EC",315,,3585
"EC0452","EC",314,,3586
"EC0452a","EC",314,,3587
"EC0453","EC",317,,3588
"EC0454","EC",318,,3589
"EC0455","EC",320,,3590
"EC0455a","EC",320,,3591
"EC0456","EC",319,,3592
"EC0457","EC",321,,3593
"EC0458","EC",322,,3594
"EC0459","EC",323,,3595
"EC0460","EC",1119,,3596
"EC0461","EC",325,,3597
"EC0462","EC",326,,3598
"EC0465","EC",327,,3599
"EC0466","EC",328,,3600
"EC0468","EC",330,,3601
"EC0469","EC",329,,3602
"EC0471","EC",331,,3603
"EC0472","EC",333,,3604
"EC0473","EC",332,,3605
"EC0474","EC",334,,3606
"EC0478","EC",335,,3607
"EC0479","EC",1131,,3608
"EC0480","EC",336,,3609
"EC0482","EC",337,,3610
"EC0483","EC",338,,3611
"EC0485","EC",344,,3612
"EC0486","EC",339,,3613
"EC0488","EC",343,,3614
"EC0489","EC",345,,3615
"EC0490","EC",340,,3616
"EC0491","EC",341,,3617
"EC0492","EC",342,,3618
"EC0492a","EC",342,,3619
"EC0493","EC",345,,3620
"EC0494","EC",346,,3621
"EC0497","EC",347,,3622
"EC0498","EC",348,,3623
"EC0499","EC",1075,,3624
"EC0499a","EC",1075,,3625
"EC0502","EC",356,,3626
"EC0503","EC",61,,3627
"EC0506","EC",357,,3628
"EC0507","EC",358,,3629
"EC0508","EC",361,,3630
"EC0509","EC",359,,3631
"EC0510","EC",360,,3632
"EC0512","EC",362,,3633
"EC0513","EC",363,,3634
"EC0514","EC",364,,3635
"EC0514a","EC",364,,3636
"EC0515","EC",365,,3637
"EC0516","EC",1146,,3638
"EC0517","EC",367,,3639
"EC0517a","EC",367,,3640
"EC0518","EC",366,,3641
"EC0519","EC",368,,3642
"EC0520","EC",1081,,3643
"EC0520a","EC",1081,,3644
"EC0521","EC",369,,3645
"EC0522","EC",370,,3646
"EC0523","EC",372,,3647
"EC0524","EC",373,,3648
"EC0525","EC",374,,3649
"EC0526","EC",378,,3650
"EC0527","EC",375,,3651
"EC0528","EC",376,,3652
"EC0529","EC",377,,3653
"EC0531","EC",379,,3654
"EC0533","EC",998,,3655
"EC0535","EC",1029,,3656
"EC0536","EC",349,,3657
"EC0538","EC",350,,3658
"EC0540","EC",351,,3659
"EC0540a","EC",351,,3660
"EC0541","EC",352,,3661
"EC0542","EC",353,,3662
"EC0543","EC",353,,3663
"EC0544","EC",354,,3664
"EC0548","EC",355,,3665
"EC0549","EC",1147,,3666
"EC0549a","EC",353,,3667
"EC0550","EC",402,,3668
"EC0550a","EC",402,,3669
"EC0551","EC",575,,3670
"EC0554","EC",380,,3671
"EC0555","EC",1176,,3672
"EC0556","EC",1177,,3673
"EC0557","EC",381,,3674
"EC0558","EC",382,,3675
"EC0559","EC",383,,3676
"EC0560","EC",384,,3677
"EC0561","EC",385,,3678
"EC0562","EC",386,,3679
"EC0563","EC",387,,3680
"EC0564","EC",388,,3681
"EC0565","EC",389,,3682
"EC0566","EC",390,,3683
"EC0569","EC",391,,3684
"EC0570","EC",393,,3685
"EC0571","EC",394,,3686
"EC0572","EC",396,,3687
"EC0573","EC",395,,3688
"EC0575","EC",397,,3689
"EC0577","EC",398,,3690
"EC0578","EC",399,,3691
"EC0579","EC",400,,3692
"EC0580","EC",1186,,3693
"EC0584","EC",1001,,3694
"EC0585","EC",1050,,3695
"EC0588","EC",401,,3696
"EC0590","EC",1193,,3697
"EC0593","EC",1169,,3698
"EC0595","EC",433,,3699
"EC0596","EC",434,,3700
"EC0597","EC",435,,3701
"EC0598","EC",436,,3702
"EC0600","EC",437,,3703
"EC0601","EC",1173,,3704
"EC0602","EC",438,,3705
"EC0602a","EC",438,,3706
"EC0603","EC",439,,3707
"EC0606","EC",440,,3708
"EC0607","EC",441,,3709
"EC0607a","EC",441,,3710
"EC0608","EC",442,,3711
"EC0609","EC",443,,3712
"EC0609a","EC",443,,3713
"EC0610","EC",444,,3714
"EC0615","EC",1165,,3715
"EC0616","EC",432,,3716
"EC0625","EC",477,,3717
"EC0628","EC",1020,,3718
"EC0629","EC",501,,3719
"EC0631","EC",480,,3720
"EC0633","EC",481,,3721
"EC0633b","EC",481,,3722
"EC0633c","EC",481,,3723
"EC0633d","EC",481,,3724
"EC0633e","EC",481,,3725
"EC0635","EC",482,,3726
"EC0635a","EC",482,,3727
"EC0638","EC",300,,3728
"EC0642","EC",483,,3729
"EC0642a","EC",483,,3730
"EC0647","EC",324,,3731
"EC0648","EC",484,,3732
"EC0650","EC",485,,3733
"EC0652","EC",488,,3734
"EC0653","EC",489,,3735
"EC0654","EC",487,,3736
"EC0656","EC",486,,3737
"EC0656a","EC",486,,3738
"EC0659","EC",514,,3739
"EC0661","EC",509,,3740
"EC0662","EC",508,,3741
"EC0663","EC",1204,,3742
"EC0664","EC",490,,3743
"EC0665","EC",490,,3744
"EC0666","EC",491,,3745
"EC0667","EC",492,,3746
"EC0668","EC",493,,3747
"EC0670","EC",494,,3748
"EC0671","EC",496,,3749
"EC0672","EC",495,,3750
"EC0673","EC",498,,3751
"EC0675","EC",497,,3752
"EC0676","EC",997,,3753
"EC0677","EC",499,,3754
"EC0678","EC",500,,3755
"EC0679","EC",526,,3756
"EC0680","EC",504,,3757
"EC0681","EC",502,,3758
"EC0682","EC",503,,3759
"EC0683","EC",505,,3760
"EC0684","EC",506,,3761
"EC0684a","EC",506,,3762
"EC0684b","EC",506,,3763
"EC0685","EC",507,,3764
"EC0686","EC",510,,3765
"EC0687","EC",513,,3766
"EC0688","EC",511,,3767
"EC0689","EC",512,,3768
"EC0690","EC",514,,3769
"EC0691","EC",515,,3770
"EC0692","EC",554,,3771
"EC0693","EC",516,,3772
"EC0693a","EC",519,,3773
"EC0693b","EC",518,,3774
"EC0694","EC",517,,3775
"EC0695","EC",554,,3776
"EC0696","EC",520,,3777
"EC0697","EC",522,,3778
"EC0698","EC",523,,3779
"EC0699","EC",524,,3780
"EC0700","EC",525,,3781
"EC0701","EC",526,,3782
"EC0702","EC",528,,3783
"EC0704","EC",529,,3784
"EC0705","EC",530,,3785
"EC0706","EC",531,,3786
"EC0707","EC",1022,,3787
"EC0708","EC",532,,3788
"EC0709","EC",533,,3789
"EC0710","EC",534,,3790
"EC0711","EC",535,,3791
"EC0712","EC",536,,3792
"EC0713","EC",538,,3793
"EC0714","EC",537,,3794
"EC0716","EC",539,,3795
"EC0717","EC",540,,3796
"EC0718","EC",541,,3797
"EC0719","EC",542,,3798
"EC0720","EC",543,,3799
"EC0721","EC",544,,3800
"EC0722","EC",545,,3801
"EC0723","EC",546,,3802
"EC0724","EC",547,,3803
"EC0725","EC",548,,3804
"EC0727","EC",549,,3805
"EC0728","EC",550,,3806
"EC0729","EC",552,,3807
"EC0731","EC",553,,3808
"EC0732","EC",555,,3809
"EC0732a","EC",555,,3810
"EC0733","EC",556,,3811
"EC0734","EC",558,,3812
"EC0735","EC",481,,3813
"EC0736","EC",557,,3814
"EC0738","EC",560,,3815
"EC0739","EC",561,,3816
"EC0740","EC",562,,3817
"EC0740a","EC",481,,3818
"EC0741","EC",563,,3819
"EC0742","EC",564,,3820
"EC0743","EC",565,,3821
"EC0745","EC",566,,3822
"EC0749","EC",569,,3823
"EC0749a","EC",569,,3824
"EC0750","EC",570,,3825
"EC0752","EC",567,,3826
"EC0752a","EC",1023,,3827
"EC0752b","EC",568,,3828
"EC0755","EC",481,,3829
"EC0758","EC",571,,3830
"EC0759","EC",572,,3831
"EC0761","EC",573,,3832
"EC0761a","EC",573,,3833
"EC0764","EC",1002,,3834
"EC0766","EC",579,,3835
"EC0767","EC",605,,3836
"EC0768","EC",580,,3837
"EC0769","EC",581,,3838
"EC0769a","EC",581,,3839
"EC0770","EC",582,,3840
"EC0771","EC",583,,3841
"EC0772","EC",584,,3842
"EC0773","EC",585,,3843
"EC0774","EC",586,,3844
"EC0775","EC",587,,3845
"EC0776","EC",588,,3846
"EC0777","EC",1196,,3847
"EC0778","EC",589,,3848
"EC0779","EC",590,,3849
"EC0780","EC",591,,3850
"EC0780a","EC",591,,3851
"EC0781","EC",592,,3852
"EC0782","EC",593,,3853
"EC0782a","EC",593,,3854
"EC0783","EC",478,,3855
"EC0783a","EC",478,,3856
"EC0786","EC",594,,3857
"EC0787","EC",479,,3858
"EC0788","EC",595,,3859
"EC0789","EC",596,,3860
"EC0789a","EC",596,,3861
"EC0790","EC",597,,3862
"EC0791","EC",1021,,3863
"EC0792","EC",598,,3864
"EC0794","EC",1216,,3865
"EC0795","EC",1219,,3866
"EC0796","EC",599,,3867
"EC0796a","EC",599,,3868
"EC0797","EC",600,,3869
"EC0797a","EC",600,,3870
"EC0798","EC",601,,3871
"EC0798a","EC",601,,3872
"EC0798b","EC",601,,3873
"EC0799","EC",602,,3874
"EC0799a","EC",602,,3875
"EC0799b","EC",602,,3876
"EC0800","EC",603,,3877
"EC0800a","EC",603,,3878
"EC0801","EC",604,,3879
"EC0801a","EC",604,,3880
"EC0802","EC",627,,3881
"EC0803","EC",629,,3882
"EC0804","EC",633,,3883
"EC0805","EC",636,,3884
"EC0806","EC",647,,3885
"EC0808","EC",626,,3886
"EC0809","EC",631,,3887
"EC0810","EC",630,,3888
"EC0811","EC",632,,3889
"EC0812","EC",634,,3890
"EC0813","EC",635,,3891
"EC0814","EC",637,,3892
"EC0815","EC",638,,3893
"EC0816","EC",639,,3894
"EC0817","EC",641,,3895
"EC0818","EC",640,,3896
"EC0819","EC",643,,3897
"EC0820","EC",644,,3898
"EC0821","EC",648,,3899
"EC0822","EC",649,,3900
"EC0823","EC",645,,3901
"EC0823a","EC",645,,3902
"EC0824","EC",650,,3903
"EC0825","EC",651,,3904
"EC0826","EC",690,,3905
"EC0827","EC",691,,3906
"EC0827a","EC",695,,3907
"EC0828","EC",692,,3908
"EC0828a","EC",692,,3909
"EC0829","EC",694,,3910
"EC0830","EC",693,,3911
"EC0831","EC",696,,3912
"EC0832","EC",697,,3913
"EC0833","EC",698,,3914
"EC0834","EC",699,,3915
"EC0835","EC",700,,3916
"EC0836","EC",701,,3917
"EC0837","EC",702,,3918
"EC0838","EC",719,,3919
"EC0839","EC",720,,3920
"EC0840","EC",724,,3921
"EC0841","EC",721,,3922
"EC0842","EC",722,,3923
"EC0843","EC",723,,3924
"EC0844","EC",730,,3925
"EC0845","EC",771,,3926
"EC0846","EC",725,,3927
"EC0847","EC",726,,3928
"EC0848","EC",727,,3929
"EC0849","EC",728,,3930
"EC0850","EC",729,,3931
"EC0851","EC",731,,3932
"EC0852","EC",732,,3933
"EC0853","EC",734,,3934
"EC0854","EC",733,,3935
"EC0856","EC",772,,3936
"EC0857","EC",707,,3937
"EC0858","EC",709,,3938
"EC0859","EC",703,,3939
"EC0859a","EC",703,,3940
"EC0860","EC",704,,3941
"EC0861","EC",706,,3942
"EC0861a","EC",706,,3943
"EC0862","EC",708,,3944
"EC0862a","EC",708,,3945
"EC0863","EC",705,,3946
"EC0863a","EC",705,,3947
"EC0864","EC",718,,3948
"EC0864a","EC",718,,3949
"EC0865","EC",735,,3950
"EC0866","EC",736,,3951
"EC0867","EC",737,,3952
"EC0868","EC",710,,3953
"EC0868a","EC",710,,3954
"EC0869","EC",711,,3955
"EC0869a","EC",711,,3956
"EC0871","EC",712,,3957
"EC0871a","EC",712,,3958
"EC0872","EC",715,,3959
"EC0873","EC",713,,3960
"EC0873a","EC",713,,3961
"EC0874","EC",714,,3962
"EC0874a","EC",714,,3963
"EC0875","EC",716,,3964
"EC0876","EC",717,,3965
"EC0876a","EC",717,,3966
"EC0877","EC",660,,3967
"EC0878","EC",661,,3968
"EC0879","EC",663,,3969
"EC0880","EC",662,,3970
"EC0881","EC",665,,3971
"EC0882","EC",664,,3972
"EC0883","EC",652,,3973
"EC0884","EC",653,,3974
"EC0885","EC",654,,3975
"EC0886","EC",656,,3976
"EC0887","EC",658,,3977
"EC0888","EC",659,,3978
"EC0889","EC",655,,3979
"EC0890","EC",657,,3980
"EC0891","EC",666,,3981
"EC0891a","EC",666,,3982
"EC0892","EC",667,,3983
"EC0893","EC",668,,3984
"EC0894","EC",669,,3985
"EC0896","EC",670,,3986
"EC0897","EC",675,,3987
"EC0898","EC",671,,3988
"EC0899","EC",672,,3989
"EC0900","EC",673,,3990
"EC0905","EC",761,,3991
"EC0906","EC",762,,3992
"EC0907","EC",679,,3993
"EC0908","EC",680,,3994
"EC0909","EC",682,,3995
"EC0910","EC",681,,3996
"EC0911","EC",996,,3997
"EC0912","EC",689,,3998
"EC0912a","EC",689,,3999
"EC0913","EC",674,,4000
"EC0914","EC",676,,4001
"EC0915","EC",677,,4002
"EC0916","EC",678,,4003
"EC0923","EC",683,,4004
"EC0925","EC",684,,4005
"EC0930","EC",686,,4006
"EC0931","EC",687,,4007
"EC0933","EC",738,,4008
"EC0934","EC",747,,4009
"EC0935","EC",739,,4010
"EC0936","EC",740,,4011
"EC0937","EC",741,,4012
"EC0938","EC",748,,4013
"EC0939","EC",743,,4014
"EC0940","EC",742,,4015
"EC0940a","EC",742,,4016
"EC0941","EC",749,,4017
"EC0942","EC",744,,4018
"EC0943","EC",745,,4019
"EC0943a","EC",745,,4020
"EC0944","EC",750,,4021
"EC0945","EC",746,,4022
"EC0946","EC",751,,4023
"EC0947","EC",752,,4024
"EC0948","EC",753,,4025
"EC0949","EC",754,,4026
"EC0950","EC",755,,4027
"EC0951","EC",776,,4028
"EC0952","EC",777,,4029
"EC0953","EC",778,,4030
"EC0954","EC",779,,4031
"EC0955","EC",780,,4032
"EC0956","EC",756,,4033
"EC0957","EC",757,,4034
"EC0958","EC",758,,4035
"EC0959","EC",759,,4036
"EC0960","EC",760,,4037
"EC0961","EC",763,,4038
"EC0962","EC",764,,4039
"EC0963","EC",765,,4040
"EC0963a","EC",765,,4041
"EC0964","EC",574,,4042
"EC0965","EC",606,,4043
"EC0966","EC",607,,4044
"EC0966a","EC",607,,4045
"EC0967","EC",608,,4046
"EC0968","EC",609,,4047
"EC0969","EC",610,,4048
"EC0970","EC",611,,4049
"EC0971","EC",612,,4050
"EC0972","EC",613,,4051
"EC0973","EC",614,,4052
"EC0973a","EC",614,,4053
"EC0975","EC",615,,4054
"EC0975a","EC",615,,4055
"EC0977","EC",616,,4056
"EC0978","EC",617,,4057
"EC0978a","EC",617,,4058
"EC0978b","EC",617,,4059
"EC0979","EC",618,,4060
"EC0980","EC",619,,4061
"EC0980a","EC",619,,4062
"EC0981","EC",620,,4063
"EC0981a","EC",620,,4064
"EC0981b","EC",620,,4065
"EC0983","EC",621,,4066
"EC0984","EC",622,,4067
"EC0985","EC",623,,4068
"EC0986","EC",624,,4069
"EC0987","EC",625,,4070
"EC0987a","EC",625,,4071
"EC0988","EC",646,,4072
"EC0989","EC",766,,4073
"EC0990","EC",767,,4074
"EC0991","EC",768,,4075
"EC0992","EC",769,,4076
"EC0993","EC",770,,4077
"EC0994","EC",775,,4078
"EC0995","EC",774,,4079
"EC0996","EC",773,,4080
"EC0997","EC",783,,4081
"EC0998","EC",782,,4082

The free trial of MDB ACCDB Viewer exports only half of the records in each table.
