"SequenceNumber","PeriodProduction","LowProdPeriod1","HighProdPeriod1"
"CH0664","1948","1948","1948"
"CH0670","1950","1950","1950"
"CH0671","1929-1931","1929","1931"
"CH0672","1934","1934","1934"
"CH0683","1901","1901","1901"
"CH0684","1904","1904","1904"
"CH0686","1905-1914","1905","1914"
"CH0693","1961","1961","1961"
"CH0703","1934-1941","1934","1941"
"CH0704","1952-1956","1952","1956"
"CH0705","1935-1941","1935","1941"
"CH0711","1939","1939","1939"
"CH0713","1940","1940","1940"
"CH0714","1921","1921","1921"
"CH0718","1930-1938","1930","1938"
"CH0721","1934-1941","1934","1941"
"CH0722","1935-1941","1935","1941"
"CH0724","1935-1940","1935","1940"
"CH0727","1901-1925","1901","1925"
"CH0730","1938","1938","1938"
"CH0731","1915-1925","1915","1925"
"CH0732","1935-1963","1935","1963"
"CH0733","1936-1943","1936","1943"
"CH0734","1902-1907","1902","1907"
"CH0736","1938","1938","1938"
"CH0738","1940","1940","1940"
"CH0740","1940","1940","1940"
"CH0743","1938","1938","1938"
"CH0744","1904","1904","1904"
"CH0745","1901","1901","1901"
"CH0746","1967-1970","1967","1970"
"CH0747","1936-1941","1936","1941"
"CH0748","1940-1942","1940","1942"
"CH0752","1916-1918","1916","1918"
"CH0753","1941-1942","1941","1942"
"CH0755","1923-1928","1923","1928"
"CH0763","1938","1938","1938"
"CH0783","1909","1909","1909"
"CH0790","1935-1936","1935","1936"
"CH0836","1906","1906","1906"
"CH0845","1939","1939","1939"
"CH0853","1940","1940","1940"
"CH0900","1958-1960","1958","1960"
"CH0902","1935","1935","1935"
"CH0908","1939","1939","1939"
"CH0930","1936","1936","1936"
"CH0934","1946","1946","1946"
"CH0945","1934-1937","1934","1937"
"CH0958","1939","1939","1939"
"CH0960","1939","1939","1939"
"CH0977","1937","1937","1937"
"CH0979","1908-1915","1908","1915"
"CH0980","1926-1942","1926","1942"
"CH0981","1905-1915","1905","1915"
"CH0997","1940","1940","1940"
"CH1021","1937","1937","1937"
"CH1042","1937-1962","1937","1962"
"CH1045","1954","1954","1954"
"CH1046","1936-1942","1936","1942"
"CH1054","1939","1939","1939"
"CH1055","1938","1938","1938"
"CH1074","1908-1934","1908","1934"
"CH1075","1902","1902","1902"
"CH1076","1936-1940","1936","1940"
"CH1092","1904-1909","1904","1909"
"CH1098","1941","1941","1941"
"CH1099","1940","1940","1940"
"CH1115","1940-1941","1940","1941"
"CH1130","1940","1940","1940"
"CH1139","1907","1907","1907"
"CH1142","1912-1915","1912","1915"
"CH1144","1907-1910","1907","1910"
"CH1146","1938","1938","1938"
"CH1149","1907-1908","1907","1908"
"CH1161","1947","1947","1947"
"CH1170","1917","1917","1917"
"CH1171","1935","1935","1935"
"CH1173","1951","1951","1951"
"CH1178","1939","1939","1939"
"CH1190","1908-1926","1908","1926"
"CH1194","1911-1914","1911","1914"
"CH1201","1939","1939","1939"
"CH1202","1918","1918","1918"
"CH1203","1917","1917","1917"
"CH1205","1948-1951","1948","1951"
"CH1208","1902-1908","1902","1908"
"CH1209","1901","1901","1901"
"CH1210","1951","1951","1951"
"CH1213","1908-1925","1908","1925"
"CH1217","1932","1932","1932"
"CH1218","1941","1941","1941"
"CH1219","1908-1915","1908","1915"
"CH1232","1912-1927","1912","1927"
"CH1233","1942-1946","1942","1946"
"CH1234","1984-1988","1984","1988"
"CH1236","1901-1923","1901","1923"
"CH1238","1919","1919","1919"
"CH1239","1927","1927","1927"
"CH1249","1916","1916","1916"
"CH1251","1934-1941","1934","1941"
"CH1253","1901-1902","1901","1902"
"CH1254","unknown","unknown","unknown"
"CH1255","1940-1941","1940","1941"
"CH1272","1971-1978","1971","1978"
"CH1283","1902","1902","1902"
"DI0001","1949","1949","1949"
"DI0004","1940","1940","1940"
"DI0005","1939-1943","1939","1943"
"DI0007","1935-1940","1935","1940"
"DI0019","1939-1940","1939","1940"
"DI0021","1901-1916","1901","1916"
"DI0023","1949","1949","1949"
"DI0024","1915","1915","1915"
"DI0025","1901-1941","1901","1941"
"DI0026","1912","1912","1912"
"DI0027","1902","1902","1902"
"DI0028","1935-1939","1935","1939"
"DI0029","1934-1935","1934","1935"
"DI0030","1936","1936","1936"
"DI0031","1902","1902","1902"
"DI0032","1930-1939","1930","1939"
"DI0033","1934-1942","1934","1942"
"DI0038","1901","1901","1901"
"DI0042","1928-1937","1928","1937"
"DI0043","1935","1935","1935"
"DI0045","1939-1940","1939","1940"
"DI0047","1958-1964","1958","1964"
"DI0048","1935-1940","1935","1940"
"DI0049","1934","1934","1934"
"DI0051","1935-1941","1935","1941"
"DI0052","1938-1942","1938","1942"
"DI0058","1901-1904","1901","1904"
"DI0060","1933","1933","1933"
"DI0061","1914-1916","1914","1916"
"DI0067","1943-1944","1943","1944"
"DI0071","1946-1947","1946","1947"
"DI0073","1935-1936","1935","1936"
"DI0074","1934-1939","1934","1939"
"DI0081","1932-1941","1932","1941"
"DI0082","1913-1917","1913","1917"
"DI0085","1932-1933","1932","1933"
"DI0090","1932","1932","1932"
"DI0091","1947-1948","1947","1948"
"DI0092","1935","1935","1935"
"DI0093","1935-1940","1935","1940"
"DI0095","1909","1909","1909"
"DI0096","1940-1942","1940","1942"
"DI0100","1911","1911","1911"
"DI0102","1922","1922","1922"
"DI0106","1901","1901","1901"
"DI0125","1918-1920","1918","1920"
"DI0130","1908","1908","1908"
"DI0131","1940","1940","1940"
"DI0140","1916-1931","1916","1931"
"DI0143","1915","1915","1915"
"DI0144","1919","1919","1919"
"DI0145","1925","1925","1925"
"DI0146","1907","1907","1907"
"DI0154","1912-1915","1912","1915"
"DI0159","1912","1912","1912"
"DI0160","1901-1914","1901","1914"
"DI0162","1932","1932","1932"
"DI0163","1903-1907","1903","1907"
"DI0165","1917","1917","1917"
"DI0166","1901-1905","1901","1905"
"DI0169","1940-1941","1940","1941"
"DI0170","1939-1942","1939","1942"
"DI0171","1941-1942","1941","1942"
"DI0172","1939","1939","1939"
"DI0175","1931","1931","1931"
"DI0177","1913-1918","1913","1918"
"DI0178","1928","1928","1928"
"DI0179","1917","1917","1917"
"DI0182","1939","1939","1939"
"DI0183","1938","1938","1938"
"DI0186","1902-1903","1902","1903"
"DI0187","1921-1922","1921","1922"
"DI0189","1933","1933","1933"
"DI0190","1901-1939","1901","1939"
"DI0192","1939","1939","1939"
"DI0193","1932-1933","1932","1933"
"DI0194","1930-1939","1930","1939"
"DI0196","1938-1939","1938","1939"
"DI0197","1940","1940","1940"
"DI0198","1928","1928","1928"
"DR0057","1961","1961","1961"
"DR0074","1940","1940","1940"
"DR0075","1940","1940","1940"
"DR0156","1934-1941","1934","1941"
"DR0164","1941-1942","1941","1942"
"DR0165","1934-1941","1934","1941"
"DR0167","1902-1909","1902","1909"
"DR0168","1939-1946","1939","1946"
"DR0172","1937-1938","1937","1938"
"DR0173","1902","1902","1902"
"DR0175","1907-1908","1907","1908"
"DR0178","1926","1926","1926"
"DU0006","1936","1936","1936"
"DU0050","1927","1927","1927"
"DU0056","1917","1917","1917"
"DU0064","1906-1963","1906","1963"
"DU0073","1934","1934","1934"
"DU0112","1905","1905","1905"
"EC1070","1934-1937","1934","1937"
"EC1071","1939-1941","1939","1941"
"EC1073","1934-1940","1934","1940"
"EC1074","1901-1904","1901","1904"
"EC1076","1937","1937","1937"
"EC1077","1902-1904","1902","1904"
"EC1081","1966","1966","1966"
"EC1082","1941","1941","1941"
"EC1083","1902-1928","1902","1928"
"EC1086","1904","1904","1904"
"EC1088","1950","1950","1950"
"EC1098","1935","1935","1935"
"EC1102","1942","1942","1942"
"EC1108","1908","1908","1908"
"EC1114","1918-1919","1918","1919"
"EC1116","1937-1938","1937","1938"
"EC1117","1935-1936","1935","1936"
"EC1119","1941","1941","1941"
"EC1123","1948","1948","1948"
"EC1126","1928","1928","1928"
"EC1128","1938-1942","1938","1942"
"EC1130","1940","1940","1940"
"EC1140","1938","1938","1938"
"EC1148","1939-1940","1939","1940"
"EC1152","1901-1919","1901","1919"
"EC1153","1973-1975","1973","1975"
"EC1156","1901-1904","1901","1904"
"EC1157","1902","1902","1902"
"EC1159","1938","1938","1938"
"EC1161","1941","1941","1941"
"EC1162","1935-1938","1935","1938"
"EC1163","1907-1908","1907","1908"
"EC1165","1936","1936","1936"
"EC1166","1938-1940","1938","1940"
"EC1169","1912","1912","1912"
"EC1170","1935","1935","1935"
"EC1173","1941","1941","1941"
"EC1175","1907","1907","1907"
"EC1176","1901-1906","1901","1906"
"EC1179","1934","1934","1934"
"EC1180","1901-1906","1901","1906"
"EC1181","1959-1961","1959","1961"
"EC1183","1901-1903","1901","1903"
"EC1185","1902-1936","1902","1936"
"EC1187","1938","1938","1938"
"EC1188","1910-1914","1910","1914"
"EC1193","1940","1940","1940"
"EC1201","1934-1942","1934","1942"
"EC1202","1941-1942","1941","1942"
"EC1206","1949","1949","1949"
"EC1209","1955","1955","1955"
"EC1214","1948","1948","1948"
"EC1222","1913-1915","1913","1915"
"EC1227","1934-1935","1934","1935"
"EC1231","1914","1914","1914"
"EC1232","1920","1920","1920"
"EC1233","1902-03","1902","03"
"EC1234","1931","1931","1931"
"EC1237","1934","1934","1934"
"GR0003","1962","1962","1962"
"GR0006","1960","1960","1960"
"GR0008","1935","1935","1935"
"GR0011","1938-1941","1938","1941"
"GR0013","1932","1932","1932"
"GR0015","1982","1982","1982"
"GR0016","1982","1982","1982"
"GR0019","1934","1934","1934"
"GR0020","1935-1939","1935","1939"
"GR0021","1926","1926","1926"
"GR0023","1913","1913","1913"
"GR0025","1934-1936","1934","1936"
"GR0026","1937-1941","1937","1941"
"GR0027","1939","1939","1939"
"GR0030","1939","1939","1939"
"GR0032","1932-1940","1932","1940"
"GR0034","1935-1941","1935","1941"
"GR0037","1936-1940","1936","1940"
"GR0038","1936","1936","1936"
"GR0039","1937-1939","1937","1939"
"GR0042","1935","1935","1935"
"GR0045","1938-1941","1938","1941"
"GR0050","1938","1938","1938"
"GR0051","1902","1902","1902"
"GR0052","1939","1939","1939"
"GR0053","1935","1935","1935"
"GR0054","1939","1939","1939"
"GR0059","1940","1940","1940"
"GR0060","1964","1964","1964"
"GR0065","1934-1937","1934","1937"
"GR0066","1935","1935","1935"
"GR0069","1969","1969","1969"
"GR0071","1931","1931","1931"
"GR0079","1936-1940","1936","1940"
"GR0080","1934-1936","1934","1936"
"GR0081","1935","1935","1935"
"GR0083","1908-1909","1908","1909"
"GR0084","1935","1935","1935"
"GR0085","1936-1941","1936","1941"
"GR0086","1950","1950","1950"
"GR0089","1934-1946","1934","1946"
"GR0090","1935-1941","1935","1941"
"GR0107","1901-1904","1901","1904"
"GR0108","1935","1935","1935"
"GR0110","1938-1940","1938","1940"
"GR0111","1949","1949","1949"
"GR0113","1935-1937","1935","1937"
"GR0114","1956","1956","1956"
"GR0116","1939","1939","1939"
"GR0117","1939","1939","1939"
"GR0121","1982","1982","1982"
"GR0123","1939-1942","1939","1942"
"GR0129","1934","1934","1934"
"GR0130","1905-1909","1905","1909"
"GR0131","1947","1947","1947"
"GR0132","1939","1939","1939"
"GR0133","1935-1938","1935","1938"
"GR0134","1938-1940","1938","1940"
"GR0135","1934","1934","1934"
"GR0138","1935-1937","1935","1937"
"GR0142","1934","1934","1934"
"GR0145","1943","1943","1943"
"GR0149","1939-1941","1939","1941"
"GR0152","1901-1906","1901","1906"
"GR0154","1936","1936","1936"
"GR0156","1934-1942","1934","1942"
"GR0157","1934","1934","1934"
"GR0158","1901-1905","1901","1905"
"GR0160","1905-1913","1905","1913"
"GR0163","1901-1906","1901","1906"
"GR0164","1908","1908","1908"
"GR0165","1933","1933","1933"
"GR0166","1934-1942","1934","1942"
"GR0174","1903","1903","1903"
"GR0185","1938","1938","1938"
"GR0191","1938","1938","1938"
"GR0192","1957","1957","1957"
"GR0194","1938-1941","1938","1941"
"GR0195","1939","1939","1939"
"GR0198","1940-1942","1940","1942"
"GR0199","1934","1934","1934"
"GR0200","1936-1941","1936","1941"
"GR0206","1936-1941","1936","1941"
"GR0209","1903","1903","1903"
"GR0214","1938","1938","1938"
"GR0217","1958","1958","1958"
"GR0227","1941","1941","1941"
"GR0248","1902-1905","1902","1905"
"GR0249","1937","1937","1937"
"GR0255","1904-1916","1904","1916"
"GR0256","1915","1915","1915"
"GR0279","1942","1942","1942"
"GR0280","1962","1962","1962"
"GR0281","1907","1907","1907"
"GR0283","1904-1916","1904","1916"
"GR0284","1910","1910","1910"
"GR0285","1938-1949","1938","1949"
"BO0264","1901-1941","1901","1941"
"BO0270","1938","1938","1938"
"BO0278","1938-1942","1938","1942"
"BO0279","1941","1941","1941"
"BO0292","1935-1938","1935","1938"
"BO0296","1904-1906","1904","1906"
"BO0302","1925-1934","1925","1934"
"BO0304","1925-1936","1925","1936"
"BO0315","1910","1910","1910"
"BO0316","1908-1910","1908","1910"
"BO0320","1907","1907","1907"
"BO0323","1906-1908","1906","1908"
"BO0324","1941","1941","1941"
"BO0327","1933-1937","1933","1937"
"BO0329","1924-1929","1924","1929"
"BO0331","1929","1929","1929"
"BO0334","1912","1912","1912"
"BO0335","1910-1917","1910","1917"
"BO0336","1912","1912","1912"
"BO0343","1902-1909","1902","1909"
"BO0344","1925","1925","1925"
"BO0345","1934-1940","1934","1940"
"BO0346","1923-1926","1923","1926"
"BO0347","1936-1939","1936","1939"
"BO0348","1936-1941","1936","1941"
"BO0349","1941-1942","1941","1942"
"BO0350","1981","1981","1981"
"BO0351","1939","1939","1939"
"BO0381","1938","1938","1938"
"BO0382","1940","1940","1940"
"BO0383","1936-1938","1936","1938"
"BO0384","1938","1938","1938"
"BO0396","1941","1941","1941"
"BO0398","1934-1941","1934","1941"
"BO0404","1940","1940","1940"
"BO0408","1933-1934","1933","1934"
"BO0409","1978","1978","1978"
"BO0410","1906-1917","1906","1917"
"BO0423","1948","1948","1948"
"BO0437","1910-1915","1910","1915"
"BO0439","1925","1925","1925"
"BO0456","1941-1942","1941","1942"
"BO0458","1905","1905","1905"
"BO0459","1942-1946","1942","1946"
"BO0464","1933","1933","1933"
"CH0028","1935-1936","1935","1936"
"CH0041","1934","1934","1934"
"CH0050","1902-1913","1902","1913"
"CH0057","1948","1948","1948"
"CH0069","1913","1913","1913"
"CH0087","1910-1914","1910","1914"
"CH0088","1902-1916","1902","1916"
"CH0093","1923","1923","1923"
"CH0097","1929","1929","1929"
"CH0098","1934","1934","1934"
"CH0100","1935-1941","1935","1941"
"CH0103","1934-1939","1934","1939"
"CH0105","1948","1948","1948"
"CH0106","1934-1937","1934","1937"
"CH0107","1946-1948","1946","1948"
"CH0110","1929","1929","1929"
"CH0111","1903","1903","1903"
"CH0122","1963","1963","1963"
"CH0126","1982","1982","1982"
"CH0127","1932-1952","1932","1952"
"CH0133","1926","1926","1926"
"CH0141","1923","1923","1923"
"CH0173","1925","1925","1925"
"CH0190","1916","1916","1916"
"CH0195","1946","1946","1946"
"CH0198","1939","1939","1939"
"CH0199","1939","1939","1939"
"CH0200","1940","1940","1940"
"CH0209","1958","1958","1958"
"CH0213","1884","1884","1884"
"CH0236","1923","1923","1923"
"CH0243","1942","1942","1942"
"CH0244","1947","1947","1947"
"CH0249","1910","1910","1910"
"CH0251","1917","1917","1917"
"CH0269","1936","1936","1936"
"CH0280","1903-1916","1903","1916"
"CH0288","1916","1916","1916"
"CH0289","1912","1912","1912"
"CH0290","1935","1935","1935"
"CH0310","1952","1952","1952"
"CH0342","1921","1921","1921"
"CH0346","1884","1884","1884"
"CH0348","1924-1948","1924","1948"
"CH0349","1912","1912","1912"
"CH0350","1913-1917","1913","1917"
"CH0351","1948-1960","1948","1960"
"CH0352","1920-1942","1920","1942"
"CH0354","1951","1951","1951"
"CH0358","1941","1941","1941"
"CH0362","1948","1948","1948"
"CH0363","1904-1914","1904","1914"
"CH0368","1914","1914","1914"
"CH0369","1902","1902","1902"
"CH0373","1884","1884","1884"
"CH0375","1908","1908","1908"
"CH0376","1901-1918","1901","1918"
"CH0377","1901-1911","1901","1911"
"CH0378","1906","1906","1906"
"CH0379","1903","1903","1903"
"CH0384","1907","1907","1907"
"CH0385","1968-1970","1968","1970"
"CH0386","1916","1916","1916"
"CH0390","1902-1917","1902","1917"
"CH0391","1901","1901","1901"
"CH0396","1909","1909","1909"
"CH0398","1902","1902","1902"
"CH0400","1907","1907","1907"
"CH0402","1963-1968","1963","1968"
"CH0403","1938-1941","1938","1941"
"CH0407","1953","1953","1953"
"CH0411","1908-1911","1908","1911"
"CH0412","1915","1915","1915"
"CH0417","1951","1951","1951"
"CH0419","1910","1910","1910"
"CH0420","1964","1964","1964"
"CH0421","1936","1936","1936"
"CH0422","1948","1948","1948"
"CH0423","1918","1918","1918"
"CH0430","1902-1910","1902","1910"
"CH0431","1902","1902","1902"
"CH0433","1939","1939","1939"
"CH0434","1932","1932","1932"
"CH0436","1916","1916","1916"
"CH0438","1935-1942","1935","1942"
"CH0449","1937","1937","1937"
"CH0453","1937","1937","1937"
"CH0457","1923","1923","1923"
"CH0458","1940","1940","1940"
"CH0462","1937-1939","1937","1939"
"CH0463","1901-1909","1901","1909"
"CH0465","1953","1953","1953"
"CH0466","1901-1924","1901","1924"
"CH0475","1901","1901","1901"
"CH0476","1919","1919","1919"
"CH0492","1909","1909","1909"
"CH0494","1938","1938","1938"
"CH0495","1934","1934","1934"
"CH0501","1934-1940","1934","1940"
"CH0503","1936","1936","1936"
"CH0531","1914","1914","1914"
"CH0538","1918","1918","1918"
"CH0539","1954","1954","1954"
"CH0544","1938-1941","1938","1941"
"CH0545","1934","1934","1934"
"CH0546","1915","1915","1915"
"CH0547","1902","1902","1902"
"CH0548","1918-1921","1918","1921"
"CH0549","1939","1939","1939"
"CH0553","1934-1935","1934","1935"
"CH0555","1902","1902","1902"
"CH0556","1934-1941","1934","1941"
"CH0557","1939-1941","1939","1941"
"CH0558","1903","1903","1903"
"CH0559","1933-1934","1933","1934"
"CH0560","1913-1922","1913","1922"
"CH0562","1921-1946","1921","1946"
"CH0563","1906-1919","1906","1919"
"CH0564","1914-1918","1914","1918"
"CH0568","1928","1928","1928"
"CH0570","1917","1917","1917"
"CH0571","1915-1917","1915","1917"
"CH0574","1926-1969","1926","1969"
"CH0576","1940","1940","1940"
"CH0579","1956","1956","1956"
"CH1279","1901","1901","1901"
"CH0589","1937","1937","1937"
"CH0592","1884","1884","1884"
"CH0595","1940","1940","1940"
"CH0626","1902-1906","1902","1906"
"CH0627","1935-1937","1935","1937"
"CH0628","1941-1947","1941","1947"
"CH0637","1940","1940","1940"
"CH0638","1940","1940","1940"
"CH0654","1939","1939","1939"
"CH0662","1938-1939","1938","1939"
"DU0162","1960","1960","1960"
"DU0168","1917-1919","1917","1919"
"DU0169","1901","1901","1901"
"DU0171","1910","1910","1910"
"DU0172","1911","1911","1911"
"DU0173","1915-1922","1915","1922"
"DU0175","1905","1905","1905"
"DU0177","1939-1940","1939","1940"
"DU0180","1910","1910","1910"
"DU0181","1912","1912","1912"
"DU0185","1921-1922","1921","1922"
"DU0186","1901","1901","1901"
"DU0188","1916-1921","1916","1921"
"DU0192","1911-1916","1911","1916"
"DU0194","1910","1910","1910"
"DU0195","1913-1942","1913","1942"
"DU0196","1902-1933","1902","1933"
"DU0197","1908-1953","1908","1953"
"DU0206","1941","1941","1941"
"DU0208","1912","1912","1912"
"DU0212","1936-1940","1936","1940"
"DU0223","1925","1925","1925"
"DU0225","1907-1909","1907","1909"
"DU0227","1930","1930","1930"
"DU0228","1901","1901","1901"
"DU0231","1903-1928","1903","1928"
"DU0234","1940-1941","1940","1941"
"DU0235","1901-1903","1901","1903"
"DU0238","1904","1904","1904"
"DU0239","1910","1910","1910"
"DU0241","1908","1908","1908"
"DU0244","1947-1952","1947","1952"
"DU0248","1929","1929","1929"
"DU0249","1907","1907","1907"
"DU0254","1947","1947","1947"
"DU0255","1909-1916","1909","1916"
"DU0257","1912","1912","1912"
"DU0258","1909-1916","1909","1916"
"DU0259","1934","1934","1934"
"DU0267","1906","1906","1906"
"DU0268","1947-1952","1947","1952 1952 1952"
"DU0296","1918","1918","1918"
"DU0297","1925","1925","1925"
"DU0306","1917","1917","1917"
"DU0318","1921-1929","1921","1929"
"DU0321","1926","1926","1926"
"DU0322","1911","1911","1911"
"DU0323","1909","1909","1909"
"DU0324","1975-1976","1975","1976"
"DU0327","1943-1949","1943","1949"
"DU0330","1969-1971","1969","1971"
"DU0333","1947-1949","1947","1949"
"DU0334","1937","1937","1937"
"DU0337","1912","1912","1912"
"DU0340","1929","1929","1929"
"DU0341","1911-1912","1911","1912"
"DU0350","1951","1951","1951"
"DU0355","1939-1940","1939","1940"
"DU0360","1929","1929","1929"
"DU0363","1923","1923","1923"
"DU0364","1917-1929","1917","1929"
"DU0365","1907-1923","1907","1923"
"DU0384","1948","1948","1948"
"DU0388","1923","1923","1923"
"DU0399","1934-1957","1934","1957"
"DU0414","1935","1935","1935"
"DU0415","1947","1947","1947"
"DU0441","1938","1938","1938"
"DU0444","1964","1964","1964"
"DU0448","1932-1933","1932","1933"
"DU0452","1977","1977","1977"
"DU0461","1941","1941","1941"
"DU0467","1948","1948","1948"
"DU0469","1911-1913","1911","1913"
"DU0479","1924-1932","1924","1932"
"DU0482","1928","1928","1928"
"DU0487","1948","1948","1948"
"DU0490","1915-1930","1915","1930"
"DU0491","1948","1948","1948"
"DU0497","1901-1908","1901","1908"
"DU0502","1982","1982","1982"
"DU0507","1968-1969","1968","1969"
"DU0521","1908-1916","1908","1916"
"DU0551","1908-1930","1908","1930"
"EC0002","1912-1918","1912","1918"
"EC0003","1913","1913","1913"
"EC0007","1910","1910","1910"
"EC0008","1912-1918","1912","1918"
"EC0009","1912","1912","1912"
"EC0014","1941","1941","1941"
"EC0016","1907-1911","1907","1911"
"EC0017","1934","1934","1934"
"EC0020","1937","1937","1937"
"EC0021","1934","1934","1934"
"EC0022","1938-1942","1938","1942"
"EC0023","1901-1905","1901","1905"
"EC0024","1913","1913","1913"
"EC0028","1939","1939","1939"
"EC0029","1934-1938","1934","1938"
"EC0030","1963","1963","1963"
"EC0035","1953","1953","1953"
"EC0036","1912-1915","1912","1915"
"EC0039","1903","1903","1903"
"EC0040","1901","1901","1901"
"EC0042","1904-1920","1904","1920"
"EC0043","1907","1907","1907"
"EC0044","1934-1941","1934","1941"
"EC0045","1901-1905","1901","1905"
"EC0047","1912","1912","1912"
"EC0051","1937-1942","1937","1942"
"EC0053","1903-1910","1903","1910"
"EC0054","1934-1942","1934","1942"
"EC0058","1931","1931","1931"
"EC0062","1935","1935","1935"
"EC0065","1941","1941","1941"
"EC0066","1912","1912","1912"
"EC0068","1910","1910","1910"
"EC0071","1905","1905","1905"
"EC0072","1901","1901","1901"
"EC0073","1938","1938","1938"
"EC0074","1958","1958","1958"
"EC0076","1935","1935","1935"
"EC0081","1934-1941","1934","1941"
"EC0083","1932-1937","1932","1937"
"EC0085","1938-1942","1938","1942"
"EC0091","1934","1934","1934"
"EC0101","1902-1919","1902","1919"
"EC0102","1910","1910","1910"
"EC0107","1914","1914","1914"
"EC0110","1932","1932","1932"
"EC0111","1908","1908","1908"
"EC0115","1933","1933","1933"
"EC0116","1939","1939","1939"
"EC0117","1902-1910","1902","1910"
"EC0125","1902","1902","1902"
"EC0130","1905","1905","1905"
"EC0132","1941","1941","1941"
"EC0133","1958","1958","1958"
"EC0141","1937","1937","1937"
"EC0146","1936","1936","1936"
"EC0147","1938-1941","1938","1941"
"EC0148","1902-1915","1902","1915"
"EC0150","1913","1913","1913"
"EC0158","1942","1942","1942"
"EC0159","1915","1915","1915"
"EC0160","1935","1935","1935"
"EC0165","1938","1938","1938"
"EC0166","1902-1904","1902","1904"
"EC0169","1933","1933","1933"
"EC0172","1906","1906","1906"
"EC0173","1901","1901","1901"
"EC0176","1934","1934","1934"
"EC0177","1902","1902","1902"
"EC0178","1901","1901","1901"
"EC0181","1937","1937","1937"
"EC0182","1936","1936","1936"
"EC0185","1901","1901","1901"
"EC0186","1935-1943","1935","1943"
"EC0188","1915","1915","1915"
"EC0189","1940","1940","1940"
"EC0190","1902","1902","1902"
"EC0192","1934","1934","1934"
"EC0193","1910-1914","1910","1914"
"EC0195","1901-1905","1901","1905"
"EC0196","1924","1924","1924"
"EC0199","1909","1909","1909"
"EC0201","1938","1938","1938"
"EC0202","1935","1935","1935"
"EC0203","1931-1936","1931","1936"
"EC0204","1904","1904","1904"
"EC0207","1934","1934","1934"
"EC0209","1934-1939","1934","1939"
"EC0210","1934-1943","1934","1943"
"EC0212","1941","1941","1941"
"EC0218","1908","1908","1908"
"EC0220","1934","1934","1934"
"EC0222","1938-1941","1938","1941"
"EC0224","1934","1934","1934"
"EC0225","1939","1939","1939"
"EC0226","1940","1940","1940"
"EC0227","1912-1915","1912","1915"
"EC0228","1934-1941","1934","1941"
"EC0232","1902-1906","1902","1906"
"EC0233","1907-1913","1907","1913"
"EC0235","1909","1909","1909"
"EC0236","1901","1901","1901"
"EC0237","1913","1913","1913"
"EC0238","1938-1942","1938","1942"
"EC0239","1914-1918","1914","1918"
"EC0242","1940","1940","1940"
"EC0243","1931","1931","1931"
"EC0249","1934","1934","1934"
"EC0251","1923","1923","1923"
"EC0256","1924","1924","1924"
"EC0257","1901","1901","1901"
"EC0258","1938-1941","1938","1941"
"EC0259","1938","1938","1938"
"EC0260","1934-1941","1934","1941"
"EC0266","1913","1913","1913"
"EC0267","1911","1911","1911"
"EC0268","1940-1941","1940","1941"
"EC0277","1932-1934","1932","1934"
"EC0285","1908","1908","1908"
"EC0290","1936","1936","1936"
"EC0297","1941","1941","1941"
"EC0312","1908","1908","1908"
"EC0318","1948-1950","1948","1950"
"EC0323","1926","1926","1926"
"EC0333","1938-1941","1938","1941"
"EC0356","1937-42","1937","42"
"EC0361","1932","1932","1932"
"EC0369","1914","1914","1914"
"EC0379","1914","1914","1914"
"EC0388","1914-1915","1914","1915"
"EC0391","1914","1914","1914"
"EC0398","1914-1918","1914","1918"
"EC0401","1912","1912","1912"
"EC0404","1902-1932","1902","1932"
"EC0405","1908","1908","1908"
"EC0407","1917-1919","1917","1919"
"EC0410","1932-1941","1932","1941"
"EC0411","1939","1939","1939"
"EC0413","1901-1903","1901","1903"
"EC0414","1915","1915","1915"
"EC0415","1904-1923","1904","1923"
"EC0416","1916","1916","1916"
"EC0417","1915","1915","1915"
"EC0433","1939-1968","1939","1968"
"EC0441","1939-1941","1939","1941"
"EC0447","1940","1940","1940"
"EC0451","1933","1933","1933"
"EC0454","1905","1905","1905"
"EC0457","1934","1934","1934"
"EC0463","1939","1939","1939"
"EC0464","1937","1937","1937"
"EC0465","1938","1938","1938"
"EC0469","1934-1945","1934","1945"
"EC0472","1905-1907","1905","1907"
"EC0474","1904-1911","1904","1911"
"EC0475","1903","1903","1903"
"EC0476","1934-1936","1934","1936"
"EC0477","1906","1906","1906"
"EC0478","1901","1901","1901"
"EC0480","1901-1903","1901","1903"
"EC0481","1908","1908","1908"
"EC0482","1931-1933","1931","1933"
"EC0483","1943","1943","1943"
"EC0484","1935","1935","1935"
"EC0485","1901-1924","1901","1924"
"EC0488","1905","1905","1905"
"EC0489","1938","1938","1938"
"EC0491","1915-1918","1915","1918"
"EC0492","1915-1920","1915","1920"
"EC0493","1901","1901","1901"
"EC0494","1934-1941","1934","1941"
"EC0495","1934-1939","1934","1939"
"EC0497","1901-1940","1901","1940"
"EC0498","1936","1936","1936"
"EC0499","1938","1938","1938"
"EC0503","1938","1938","1938"
"EC0504","1914-1916","1914","1916"
"EC0507","1916-1919","1916","1919"
"EC0509","1932","1932","1932"
"EC0511","1940-1941","1940","1941"
"EC0512","1935-1942","1935","1942"
"EC0513","1911","1911","1911"
"EC0514","1913-1916","1913","1916"
"EC0515","1915","1915","1915"
"EC0519","1901","1901","1901"
"EC0520","1933","1933","1933"
"EC0521","1949-1958","1949","1958"
"EC0522","1935-1942","1935","1942"
"EC0524","1904","1904","1904"
"EC0525","1958","1958","1958"
"EC0528","1934-1940","1934","1940"
"EC0529","1908-1917","1908","1917"
"EC0530","1955-1957","1955","1957"
"EC0531","1935-1940","1935","1940"
"EC0532","1901-1904","1901","1904"
"EC0533","1937-1940","1937","1940"
"EC0534","1936-1942","1936","1942"
"EC0535","1951","1951","1951"
"EC0536","1905-1916","1905","1916"
"EC0538","1935","1935","1935"
"EC0539","1939","1939","1939"
"EC0540","1942","1942","1942"
"EC0541","1935","1935","1935"
"EC0544","1915","1915","1915"
"EC0545","1933","1933","1933"
"EC0548","1934","1934","1934"
"EC0549","1938-1942","1938","1942"
"EC0550","1931","1931","1931"
"EC0556","1934-1942","1934","1942"
"EC0562","1938","1938","1938"
"EC0563","1933","1933","1933"
"EC0566","1950-1959","1950","1959"
"EC0568","1940","1940","1940"
"EC0569","1934","1934","1934"
"EC0572","1951-1954","1951","1954"
"EC0574","1938-1941","1938","1941"
"EC0579","1940-1942","1940","1942"
"EC0581","1940","1940","1940"
"EC0585","1934","1934","1934"
"EC0594","1955-1958","1955","1958"
"EC0595","1937","1937","1937"
"EC0597","1936-1941","1936","1941"
"EC0601","1941","1941","1941"
"EC0602","1941","1941","1941"
"EC0609","1934-1937","1934","1937"
"EC0610","1938","1938","1938"
"EC0625","1931-1937","1931","1937"
"EC0627","1939","1939","1939"
"EC0628","1939","1939","1939"
"EC0630","1940","1940","1940"
"EC0632","1940-1942","1940","1942"
"EC0634","1947","1947","1947"
"EC0635","1940","1940","1940"
"EC0519","1961, 1962","1961","1962"
"EC0640","1941","1941","1941"
"EC0641","1938-1942","1938","1942"
"EC0642","1905","1905","1905"
"EC0643","1903","1903","1903"
"EC0645","1940","1940","1940"
"EC0647","1938","1938","1938"
"EC0649","1941","1941","1941"
"EC0650","1918","1918","1918"
"EC0651","1939-1941","1939","1941"
"EC0655","1939-1941","1939","1941"
"EC0656","1932","1932","1932"
"EC0657","1939-1942","1939","1942"
"EC0658","1940","1940","1940"
"EC0659","1941","1941","1941"
"EC0660","1934","1934","1934"
"EC0664","1901","1901","1901"
"EC0666","1939","1939","1939"
"EC0668","1907","1907","1907"
"EC0670","1939-1941","1939","1941"
"EC0671","1916-1924","1916","1924"
"EC0672","1930-1938","1930","1938"
"EC0673","1920","1920","1920"
"EC0674","1935","1935","1935"
"EC0675","1901","1901","1901"
"EC0677","1926-1942","1926","1942"
"EC0680","1925","1925","1925"
"EC0682","1940","1940","1940"
"EC0683","1937","1937","1937"
"EC0684","1925-1937","1925","1937"
"EC0686","1934-1941","1934","1941"
"EC0691","1901","1901","1901"
"EC0693","1935","1935","1935"
"EC0696","1909-1910","1909","1910"
"EC0697","1932-1941","1932","1941"
"EC0698","1936-1941","1936","1941"
"EC0703","1901","1901","1901"
"EC0706","1936","1936","1936"
"EC0708","1904-1941","1904","1941"
"EC0710","1939-1941","1939","1941"
"EC0711","1904-1910","1904","1910"
"EC0716","1934-1943","1934","1943"
"EC0717","1938","1938","1938"
"EC0718","1952","1952","1952"
"EC0729","1934-1941","1934","1941"
"EC0730","1939-1941","1939","1941"
"EC0732","1938-1942","1938","1942"
"EC0733","1904","1904","1904"
"EC0739","1926","1926","1926"
"EC0741","1941","1941","1941"
"EC0747","1939","1939","1939"
"EC0748","1937","1937","1937"
"EC0749","1937-1941","1937","1941"
"EC0750","1940","1940","1940"
"EC0751","1948","1948","1948"
"EC0753","1939","1939","1939"
"EC0754","1938","1938","1938"
"EC0755","1909","1909","1909"
"EC0760","1939-1941","1939","1941"
"EC0761","1941","1941","1941"
"EC0762","1941","1941","1941"
"EC0763","1945-1947","1945","1947"
"EC0764","1952-1954","1952","1954"
"EC0771","1934","1934","1934"
"EC0773","1935","1935","1935"
"EC0777","1949","1949","1949"
"EC0778","1936","1936","1936"
"EC0781","1936","1936","1936"
"EC0783","1932","1932","1932"
"EC0789","1933-1941","1933","1941"
"EC0795","1938-1941","1938","1941"
"EC0796","1936","1936","1936"
"EC0807","1939-1942","1939","1942"
"EC0827","1916-1918","1916","1918"
"EC0861","1932","1932","1932"
"EC0868","1936","1936","1936"
"EC0869","1939","1939","1939"
"EC0870","1938","1938","1938"
"EC0875","1935","1935","1935"
"EC0876","1939","1939","1939"
"EC0882","1934-1941","1934","1941"
"EC0907","1907-1912","1907","1912"
"EC0935","1926","1926","1926"
"EC0968","1939","1939","1939"
"EC0970","1938-1941","1938","1941"
"EC0973","1935","1935","1935"
"EC0974","1940-1942","1940","1942"
"EC0975","1947-1949","1947","1949"
"EC0976","1950","1950","1950"
"EC0982","1935-1937","1935","1937"
"EC0983","1934-1941","1934","1941"
"EC0984","1935","1935","1935"
"EC0985","1938-1940","1938","1940"
"EC1030","1908","1908","1908"
"EC1031","1938-1939","1938","1939"
"EC1036","1933","1933","1933"
"EC1038","1904-1907","1904","1907"
"EC1041","1937-1938","1937","1938"
"EC1044","1938","1938","1938"
"EC1048","1938","1938","1938"
"EC1050","1938","1938","1938"
"EC1051","1938-1941","1938","1941"
"EC1052","1940","1940","1940"
"EC1057","1941-1942","1941","1942"
"EC1061","1934-1937","1934","1937"
"EC1064","1963","1963","1963"
"EC1065","1940","1940","1940"
"EC1069","1934","1934","1934"
"BA0015","1921-1926","1921","1926"
"BA0017","1930","1930","1930"
"BA0018","1923","1923","1923"
"BA0032","1906","1906","1906"
"BA0039","1940-1941","1940","1941"
"BA0042","1935-1940","1935","1940"
"BA0044","1939-1940","1939","1940"
"BA0045","1934-1935","1934","1935"
"BA0053","1919-1922","1919","1922"
"BA0055","1918-1922","1918","1922"
"BA0059","1941","1941","1941"
"BA0061","1947","1947","1947"
"BA0062","1922","1922","1922"
"BA0089","1917","1917","1917"
"BA0092","1904-1905","1904","1905"
"BA0105","1938-1940","1938","1940"
"BA0106","1936","1936","1936"
"BA0124","1934-1938","1934","1938"
"BA0125","1948","1948","1948"
"BA0148","1939","1939","1939"
"BA0158","1952","1952","1952"
"BA0188","1947","1947","1947"
"BA0189","1938-1939","1938","1939"
"BA0195","1937-1941","1937","1941"
"BA0196","1917-1922","1917","1922"
"BA0198","1919-1922","1919","1922"
"BO0001","1938","1938","1938"
"BO0002","1935-1942","1935","1942"
"BO0006","1924","1924","1924"
"BO0007","1907","1907","1907"
"BO0012","1931-1934","1931","1934"
"BO0015","1901-1904","1901","1904"
"BO0019","1903-1904","1903","1904"
"BO0023","1908","1908","1908"
"BO0033","1901","1901","1901"
"BO0034","1947","1947","1947"
"BO0036","1932","1932","1932"
"BO0047","1908-1909","1908","1909"
"BO0049","1934","1934","1934"
"BO0050","1901-1905","1901","1905"
"BO0051","1940-1941","1940","1941"
"BO0053","1906-1908","1906","1908"
"BO0055","1939","1939","1939"
"BO0056","1904","1904","1904"
"BO0057","1904-1912","1904","1912"
"BO0059","1901-1906","1901","1906"
"BO0060","1918-1929","1918","1929"
"BO0065","1946","1946","1946"
"BO0066","1946","1946","1946"
"BO0069","1914-1920","1914","1920"
"BO0071","1938-1940","1938","1940"
"BO0074","1904-1909","1904","1909"
"BO0080","1901-1902","1901","1902"
"BO0084","1934-1935","1934","1935"
"BO0085","1937-1942","1937","1942"
"BO0086","1936-1942","1936","1942"
"BO0090","1913-1918","1913","1918"
"BO0091","1912-1913","1912","1913"
"BO0099","1930-1936","1930","1936"
"BO0100","1901-1927","1901","1927"
"BO0115","1934-1940","1934","1940"
"BO0116","1921-1925","1921","1925"
"BO0118","1929","1929","1929"
"BO0123","1951","1951","1951"
"BO0133","1913","1913","1913"
"BO0135","1911-1916","1911","1916"
"BO0139","1912-1916","1912","1916"
"BO0140","1933-1935","1933","1935"
"BO0141","1935","1935","1935"
"BO0144","1914","1914","1914"
"BO0145","1938","1938","1938"
"BO0148","1908","1908","1908"
"BO0149","1926","1926","1926"
"BO0150","1949","1949","1949"
"BO0152","1926","1926","1926"
"BO0153","1901-1910","1901","1910"
"BO0156","1934-1935","1934","1935"
"BO0157","1914-1917","1914","1917"
"BO0158","1907","1907","1907"
"BO0159","1940","1940","1940"
"BO0162","1908-1923","1908","1923"
"BO0166","1935","1935","1935"
"BO0168","1910","1910","1910"
"BO0170","1902-1905","1902","1905"
"BO0173","1912-1914","1912","1914"
"BO0176","1907-1910","1907","1910"
"BO0177","1923-1940","1923","1940"
"BO0181","1902","1902","1902"
"BO0184","1938-1939","1938","1939"
"BO0185","1926","1926","1926"
"BO0186","1916","1916","1916"
"BO0187","1921","1921","1921"
"BO0190","1914-1917","1914","1917"
"BO0193","1928-1936","1928","1936"
"BO0195","1917-1918","1917","1918"
"BO0197","1926-1928","1926","1928"
"BO0201","1902","1902","1902"
"BO0203","1934-1935","1934","1935"
"BO0205","1929-1932","1929","1932"
"BO0210","1901","1901","1901"
"BO0211","1902-1903","1902","1903"
"BO0213","1925","1925","1925"
"BO0214","1928","1928","1928"
"BO0215","1909","1909","1909"
"BO0217","1940","1940","1940"
"BO0220","1931-1934","1931","1934"
"BO0225","1934-1935","1934","1935"
"BO0227","1912-1913","1912","1913"
"BO0234","1940","1940","1940"
"BO0236","1939-1942","1939","1942"
"BO0243","1934","1934","1934"
"BO0248","1941","1941","1941"
"BO0255","1931","1931","1931"
"BO0260","1941","1941","1941"
"BO0263","1905-1910","1905","1910"
"GR0286","1908-1918","1908","1918"
"GR0291","1935-1942","1935","1942"
"GR0298","1972-1981","1972","1981"
"GR0309","1910","1910","1910"
"GR0312","1927","1927","1927"
"GR0319","1935","1935","1935"
"GR0321","1912-1923","1912","1923"
"GR0325","1913","1913","1913"
"GR0333","1936-1942","1936","1942"
"HA0001","1902-1904","1902","1904"
"HA0002","1946","1946","1946"
"HA0003","1902-1906","1902","1906"
"HA0006","1938","1938","1938"
"HA0012","1908-1910","1908","1910"
"HA0019","1939-1940","1939","1940"
"HA0020","1902-1904","1902","1904"
"HA0021","1939","1939","1939"
"HA0022","1939-1941","1939","1941"
"HA0023","1907","1907","1907"
"HA0024","1932-1933","1932","1933"
"HA0025","1933-1935","1933","1935"
"HA0026","1941-1942","1941","1942"
"HA0027","1938","1938","1938"
"HA0029","1934-1936","1934","1936"
"HA0033","1941-1942","1941","1942"
"HA0034","1938","1938","1938"
"HA0035","1939-1940","1939","1940"
"HA0036","1940-1941","1940","1941"
"HA0037","1902","1902","1902"
"HA0038","1902","1902","1902"
"HA0039","1902","1902","1902"
"HA0040","1902","1902","1902"
"HA0042","1909","1909","1909"
"HA0043","1926-1939","1926","1939"
"HA0044","1908","1908","1908"
"HA0045","1937","1937","1937"
"HA0046","1941","1941","1941"
"HA0048","1966","1966","1966"
"HA0049","1940-1943","1940","1943"
"HA0051","1934-1940","1934","1940"
"HA0053","1938-1941","1938","1941"
"HA0054","1936-1940","1936","1940"
"HA0055","1905","1905","1905"
"HA0056","1901-1902","1901","1902"
"HA0057","1905","1905","1905"
"HA0058","1905","1905","1905"
"HA0062","1902-1919","1902","1919"
"HA0069","1902-1917","1902","1917"
"HA0070","1935","1935","1935"
"HA0072","1941","1941","1941"
"HA0075","1905-1912","1905","1912"
"HA0078","1945-1960","1945","1960"
"HA0079","1945","1945","1945"
"HA0081","1936-1937","1936","1937"
"HA0085","1949","1949","1949"
"HA0089","1904-1905","1904","1905"
"HA0091","1902","1902","1902"
"HA0099","1902","1902","1902"
"HA0100","1940","1940","1940"
"HA0101","1939","1939","1939"
"HA0102","1936-1937","1936","1937"
"HA0104","1926","1926","1926"
"HA0105","1932-1933","1932","1933"
"HA0106","1932-1938","1932","1938"
"HA0107","1904","1904","1904"
"HA0108","1932","1932","1932"
"HA0110","1917","1917","1917"
"HA0115","1938-1939","1938","1939"
"HA0116","1940","1940","1940"
"HA0117","1931-1934","1931","1934"
"HA0118","1938","1938","1938"
"HA0119","1904","1904","1904"
"HA0121","1912-1915","1912","1915"
"HA0122","1908","1908","1908"
"HA0124","1914","1914","1914"
"HA0127","1937-1941","1937","1941"
"HA0128","1901-1902","1901","1902"
"HA0129","1932-1935","1932","1935"
"HA0133","1938","1938","1938"
"HA0136","1910-1911","1910","1911"
"HA0137","1931-1932","1931","1932"
"HA0144","1922","1922","1922"
"HA0150","1935","1935","1935"
"HA0185","1957","1957","1957"
"HA0210","1908","1908","1908"
"HA0215","1902-1908","1902","1908"
"HA0231","1941","1941","1941"
"HA0235","1910","1910","1910"
"HA0244","1944","1944","1944"
"HA0247","1947","1947","1947"
"HA0253","1944-1948","1944","1948"
"HA0255","1928","1928","1928"
"HA0258","1935","1935","1935"
"HA0259","1926","1926","1926"
"HA0260","1952","1952","1952"
"HA0267","1931","1931","1931"
"HA0268","1941","1941","1941"
"HA0275","1928","1928","1928"
"HA0276","1908-1915","1908","1915"
"HA0278","1917","1917","1917"
"HA0281","1884","1884","1884"
"HA0282","1914-1925","1914","1925"
"HA0285","1884","1884","1884"
"HA0294","1884","1884","1884"
"HA0301","1884","1884","1884"
"HA0302","1884","1884","1884"
"HA0305","1908","1908","1908"
"HA0306","1976","1976","1976"
"HA0309","1922-1926","1922","1926"
"HA0310","1884","1884","1884"
"HA0311","1978","1978","1978"
"HA0313","1911","1911","1911"
"HA0314","1935-1943","1935","1943"
"HA0315","1884","1884","1884"
"HA0319","1959","1959","1959"
"HA0320","1884","1884","1884"
"HA0322","1884","1884","1884"
"HA0323","1917-1925","1917","1925"
"HA0325","1935-1941","1935","1941"
"HA0326","1884","1884","1884"
"HA0327","1902-1917","1902","1917"
"HA0329","1884","1884","1884"
"HA0333","1906-1925","1906","1925"
"HA0334","1884","1884","1884"
"HA0335","1908","1908","1908"
"HA0336","1925","1925","1925"
"HA0338","1935","1935","1935"
"HA0340","1931-1940","1931","1940"
"HA0341","1902-1910","1902","1910"
"HA0346","1934","1934","1934"
"HA0348","1901","1901","1901"
"HA0350","1969","1969","1969"
"HA0354","1906-1918","1906","1918"
"HA0359","1907","1907","1907"
"HA0360","1907-1908","1907","1908"
"HA0363","1951","1951","1951"
"HA0364","1884","1884","1884"
"HA0367","1910","1910","1910"
"HA0369","1911","1911","1911"
"HA0370","1907","1907","1907"
"HA0372","1911-1929","1911","1929"
"HA0373","1913","1913","1913"
"HA0374","1906","1906","1906"
"HA0375","1912","1912","1912"
"HA0378","1908-1920","1908","1920"
"HA0383","1884","1884","1884"
"HA0386","1943","1943","1943"
"HA0390","1948","1948","1948"
"HA0395","1924","1924","1924"
"HA0397","1908-1909","1908","1909"
"HA0400","1939-1940","1939","1940"
"HA0401","1938","1938","1938"
"HA0402","1934","1934","1934"
"HA0403","1902-1906","1902","1906"
"HA0404","1935-1950","1935","1950"
"HA0407","1955","1955","1955"
"HA0408","1933-1935","1933","1935"
"HA0409","1939","1939","1939"
"HA0411","1936-1937","1936","1937"
"HA0415","1934-1940","1934","1940"
"HA0416","1910","1910","1910"
"HA0417","1938","1938","1938"
"HA0418","1941","1941","1941"
"HA0419","1934","1934","1934"
"HA0420","1935-1936","1935","1936"
"HA0422","1938","1938","1938"
"HA0423","1902-1909","1902","1909"
"HA0425","1965","1965","1965"
"HA0426","1938-1948","1938","1948"
"HA0437","1902-1915","1902","1915"
"HA0438","1925","1925","1925"
"HA0440","1938","1938","1938"
"HA0442","1938-1942","1938","1942"
"HA0444","1902","1902","1902"
"HA0445","1902","1902","1902"
"HA0447","1937","1937","1937"
"HA0448","1902-1950","1902","1950"
"HA0449","1936-1940","1936","1940"
"HA0451","1904-1911","1904","1911"
"HA0452","1939","1939","1939"
"HA0453","1939","1939","1939"
"HA0455","1974","1974","1974"
"HA0456","1934-1938","1934","1938"
"HA0457","1901-1919","1901","1919"
"HA0459","1902-1917","1902","1917"
"HA0460","1901-1927","1901","1927"
"HA0461","1939","1939","1939"
"HA0462","1902-1942","1902","1942"
"HA0463","1932-1941","1932","1941"
"HA0464","1931","1931","1931"
"HA0465","1950","1950","1950"
"HA0466","1939-1942","1939","1942"
"HA0472","1934","1934","1934"
"HA0473","1904","1904","1904"
"HA0474","1912-1916","1912","1916"
"HA0475","1947-1950","1947","1950"
"HA0476","1937-1939","1937","1939"
"HA0478","1919","1919","1919"
"HA0479","1929","1929","1929"
"HA0480","1902-1904","1902","1904"
"HA0481","1936","1936","1936"
"HA0483","1949","1949","1949"
"HA0485","1933-1939","1933","1939"
"HA0486","1939","1939","1939"
"HA0487","1936-1940","1936","1940"
"HA0488","1901-1910","1901","1910"
"HA0489","1909","1909","1909"
"HA0490","1934-1942","1934","1942"
"HA0493","1906","1906","1906"
"HA0494","1935-1939","1935","1939"
"HA0495","1939","1939","1939"
"HA0496","1907","1907","1907"
"HA0497","1935-1937","1935","1937"
"HA0498","1931-1932","1931","1932"
"HA0499","1938-1943","1938","1943"
"HA0500","1940-1943","1940","1943"
"HA0502","1904-1905","1904","1905"
"HA0503","1901","1901","1901"
"HA0504","1950","1950","1950"
"HA0505","1939-1940","1939","1940"
"HA0506","1935","1935","1935"
"HA0507","1938-1942","1938","1942"
"HA0510","1955","1955","1955"
"HA0512","1919-1924","1919","1924"
"HA0513","1930-1933","1930","1933"
"HA0516","1907-1943","1907","1943"
"HA0518","1936","1936","1936"
"HA0522","1939-1940","1939","1940"
"HA0523","1935-1942","1935","1942"
"HA0524","1935","1935","1935"
"HA0526","1942","1942","1942"
"HA0527","1941-1942","1941","1942"
"HA0528","1937-1941","1937","1941"
"HA0529","1935-1941","1935","1941"
"HA0530","1938","1938","1938"
"HA0531","1936-1938","1936","1938"
"HA0532","1937-1940","1937","1940"
"HA0533","1934-1939","1934","1939"
"HA0534","1939-1941","1939","1941"
"HA0535","1941","1941","1941"
"HA0536","1940","1940","1940"
"HA0537","1939-1940","1939","1940"
"HA0538","1938-1940","1938","1940"
"HA0539","1901-1923","1901","1923"
"HA0542","1937","1937","1937"
"HA0543","1935-1939","1935","1939"
"HA0545","1936","1936","1936"
"HA0547","1902-1914","1902","1914"
"HA0548","1904-1905","1904","1905"
"HA0550","1902-1909","1902","1909"
"HA0555","1955","1955","1955"
"HA0556","1941","1941","1941"
"HA0557","1936","1936","1936"
"HA0558","1937-1941","1937","1941"
"HA0559","1938-1940","1938","1940"
"HA0560","1901-1915","1901","1915"
"HA0564","1939","1939","1939"
"HA0565","1940","1940","1940"
"HA0566","1901","1901","1901"
"HA0567","1941","1941","1941"
"HA0569","1934","1934","1934"
"HA0570","1939-1940","1939","1940"
"HA0571","1941-1942","1941","1942"
"HA0572","1902-1911","1902","1911"
"HA0573","1941-1942","1941","1942"
"HA0574","1938","1938","1938"
"HA0575","1941","1941","1941"
"HA0576","1934-1937","1934","1937"
"HA0577","1938","1938","1938"
"HA0578","1959-1960","1959","1960"
"HA0579","1935-1940","1935","1940"
"HA0580","1939","1939","1939"
"HA0581","1936-1941","1936","1941"
"HA0584","1939","1939","1939"
"HA0586","1938-1941","1938","1941"
"HA0588","1935-1941","1935","1941"
"HA0591","1902-1903","1902","1903"
"HA0592","1910","1910","1910"
"HA0595","1939-1942","1939","1942"
"HA0596","1947","1947","1947"
"HA0597","1927-1932","1927","1932"
"HA0599","1938","1938","1938"
"HA0600","1940","1940","1940"
"HA0602","1940","1940","1940"
"HA0603","1938-1942","1938","1942"
"HA0604","1922","1922","1922"
"HA0610","1935","1935","1935"
"HA0612","1935-1938","1935","1938"
"HA0616","1935-1942","1935","1942"
"HA0617","1940","1940","1940"
"HA0618","1939-1940","1939","1940"
"HA0619","1908-1916","1908","1916"
"HA0620","1902-1903","1902","1903"
"HA0622","1940","1940","1940"
"HA0623","1946-1947","1946","1947"
"HA0625","1940","1940","1940"
"HA0626","1940-1941","1940","1941"
"HA0627","1940","1940","1940"
"HA0630","1935","1935","1935"
"HA0631","1934","1934","1934"
"HA0632","1938","1938","1938"
"HA0635","1937","1937","1937"
"HA0636","1901-1915","1901","1915"
"HA0637","1902-1906","1902","1906"
"HA0638","1902","1902","1902"
"HA0639","1934","1934","1934"
"HA0640","1902-1915","1902","1915"
"HA0641","1923","1923","1923"
"HA0642","1919","1919","1919"
"HA0651","yrunknown","yrunknown","yrunknown"
"HA0659","1924","1924","1924"
"HA0661","1935","1935","1935"
"HA0662","1906","1906","1906"
"HA0664","1909","1909","1909"
"HA0672","1910","1910","1910"
"HA0674","1911-1916","1911","1916"
"HA0679","1905-1913","1905","1913"
"HA0680","1906","1906","1906"
"HA0681","1909","1909","1909"
"HA0684","1925-1942","1925","1942"
"HA0687","1954-1955","1954","1955"
"HA0690","1940","1940","1940"
"HA0692","1935-1939","1935","1939"
"HA0693","1937-1942","1937","1942"
"HA0694","1918","1918","1918"
"HA0695","1949","1949","1949"
"HA0696","1949","1949","1949"
"HA0697","1934-1941","1934","1941"
"HA0698","1946","1946","1946"
"HA0699","1934-1942","1934","1942"
"HA0701","1935-1942","1935","1942"
"HA0702","1938-1942","1938","1942"
"HA0703","1937","1937","1937"
"HA0712","1908","1908","1908"
"HA0714","1934-1940","1934","1940"
"HA0716","1935-1939","1935","1939"
"HA0717","1935-1936","1935","1936"
"HA0718","1934-1938","1934","1938"
"HA0723","1938-1939","1938","1939"
"HA0736","1916-1917","1916","1917"
"HA0739","1948","1948","1948"
"HA0741","1923-1932","1923","1932"
"HA0744","1949-1950","1949","1950"
"HA0745","1932","1932","1932"
"HA0746","1936","1936","1936"
"HA0747","1903-1912","1903","1912"
"HA0748","1936","1936","1936"
"HA0749","1902","1902","1902"
"HA0755","1938-1939","1938","1939"
"HA0756","1902","1902","1902"
"HA0768","1921","1921","1921"
"HA0769","1940","1940","1940"
"HA0773","1943","1943","1943"
"HA0774","1914-1915","1914","1915"
"HA0781","1946","1946","1946"
"HA0805","1934","1934","1934"
"HA0828","1939","1939","1939"
"HA0843","1937","1937","1937"
"HA0846","1920","1920","1920"
"HA0848","1935","1935","1935"
"HA0851","1935-1943","1935","1943"
"HA0868","1915","1915","1915"
"HA0869","1938","1938","1938"
"HA0872","1908-1913","1908","1913"
"HA0909","1934-1942","1934","1942"
"HA0911","1939-1941","1939","1941"
"HA0914","1909-1911","1909","1911"
"HA0915","1910-1918","1910","1918"
"HA0917","1981","1981","1981"
"HA0918","1921","1921","1921"
"HA0919","1941","1941","1941"
"HA0921","1924-1926","1924","1926"
"HA0923","1934","1934","1934"
"HA0931","1886","1886","1886"
"HA0932","1892","1892","1892"
"HA0933","1890","1890","1890"
"HA0934","1886","1886","1886"
"HA0937","1884","1884","1884"
"HA0938","1934-1941","1934","1941"
"HA0939","1886","1886","1886"
"HA0942","1922-1939","1922","1939"
"HA0947","1938-1941","1938","1941"
"HA0948","1939","1939","1939"
"HA0954","1886","1886","1886"
"HA0955","1882-1896","1882","1896"
"HA0957","1885-1901","1885","1901"
"HA0958","1937-1943","1937","1943"
"HA0959","1939","1939","1939"
"HA0961","1890-1912","1890","1912"
"HA0962","1882","1882","1882"
"HA0963","1899","1899","1899"
"HA0964","1885-1896","1885","1896"
"HA0965","1921","1921","1921"
"HA0967","1882-1890","1882","1890"
"HA0968","1884-1896","1884","1896"
"HA0969","1890-1903","1890","1903"
"HA0971","1948","1948","1948"
"HA0973","1938","1938","1938"
"HA0974","1922","1922","1922"
"HA0975","1948","1948","1948"
"HA0977","1913-1919","1913","1919"
"HA0979","1901","1901","1901"
"HA0980","1905","1905","1905"
"HA0991","1886-1893","1886","1893"
"HA0992","1926","1926","1926"
"HA0995","1902-1903","1902","1903"
"HA0996","1923-1925","1923","1925"
"HA0998","1884","1884","1884"
"HA1000","1884","1884","1884"
"HA1002","1892-1895","1892","1895"
"HA1009","1967","1967","1967"
"HA1018","1947","1947","1947"
"HA1023","1884","1884","1884"
"HA1025","1918","1918","1918"
"HA1037","1910","1910","1910"
"HA1044","1939-1951","1939","1951"
"HA1049","1941","1941","1941"
"HA1050","1917-1918","1917","1918"
"HA1051","1922","1922","1922"
"HA1054","1935-1939","1935","1939"
"HA1056","1920","1920","1920"
"HA1060","1884","1884","1884"
"HA1061","1952","1952","1952"
"HA1062","1941","1941","1941"
"HA1068","1916","1916","1916"
"HA1069","1884","1884","1884"
"HA1071","1925-1928","1925","1928"
"HA1074","1975","1975","1975"
"HA1075","1940-1944","1940","1944"
"HA1076","1913","1913","1913"
"HA1077","1907-1913","1907","1913"
"HA1083","1919","1919","1919"
"HA1099","1944-1949","1944","1949"
"HA1103","1940","1940","1940"
"HA1105","1951","1951","1951"
"HA1109","1937","1937","1937"
"HA1110","1918","1918","1918"
"HA1111","1908","1908","1908"
"HA1116","1916-1918","1916","1918"
"HA1117","1949","1949","1949"
"HA1120","1919","1919","1919"
"HA1123","1925","1925","1925"
"HA1125","1912-1915","1912","1915"
"HA1127","1884","1884","1884"
"HA1131","1884","1884","1884"
"HA1134","1947","1947","1947"
"HA1136","1884","1884","1884"
"HA1137","1941-1942","1941","1942"
"HA1138","1910","1910","1910"
"HA1139","1935","1935","1935"
"HA1140","1916-1925","1916","1925"
"HA1141","1942","1942","1942"
"HA1143","1973","1973","1973"
"HA1147","1884","1884","1884"
"HA1149","1903-1918","1903","1918"
"HA1151","1884","1884","1884"
"HA1152","1935","1935","1935"
"HA1153","1884","1884","1884"
"HA1154","1884","1884","1884"
"HA1160","1941","1941","1941"
"HA1162","1939","1939","1939"
"HA1163","1938","1938","1938"
"HA1168","1925","1925","1925"
"HA1169","1935","1935","1935"
"HA1170","1934","1934","1934"
"HA1172","1921","1921","1921"
"HA1175","1913","1913","1913"
"HA1181","1911","1911","1911"
"HA1184","1916","1916","1916"
"HA1185","1956","1956","1956"
"HA1187","1916","1916","1916"
"HA1189","1902-1907","1902","1907"
"HA1191","1915-1925","1915","1925"
"HA1194","1919-1927","1919","1927"
"HA1196","1908","1908","1908"
"HA1204","1922","1922","1922"
"HA1209","1934-1943","1934","1943"
"HA1210","1950","1950","1950"
"HA1212","1912","1912","1912"
"HA1213","1884","1884","1884"
"HA1215","1884","1884","1884"
"HA1218","1922","1922","1922"
"HA1226","1939-1941","1939","1941"
"HA1235","1921-1930","1921","1930"
"HA1236","1939-1941","1939","1941"
"HA1237","1938","1938","1938"
"HA1238","1917-1922","1917","1922"
"HA1239","1938-1940","1938","1940"
"HA1240","1925-1933","1925","1933"
"HA1249","1935-1938","1935","1938"
"HA1257","1940","1940","1940"
"HM0013","1938","1938","1938"
"HM0015","1934-1942","1934","1942"
"HM0016","1948","1948","1948"
"HM0018","1936-1940","1936","1940"
"HM0034","1934-1941","1934","1941"
"HM0036","1941","1941","1941"
"HM0039","1905","1905","1905"
"HM0040","1934-1936","1934","1936"
"HM0043","1934-1942","1934","1942"
"HM0046","1935","1935","1935"
"HM0048","1934-1943","1934","1943"
"HM0050","1941","1941","1941"
"HM0069","1942","1942","1942"
"HM0111","1969","1969","1969"
"HM0118","1901-1905","1901","1905"
"HM0120","1940","1940","1940"
"HM0122","1906","1906","1906"
"HM0124","1914-1919","1914","1919"
"HM0125","1902-1909","1902","1909"
"HM0127","1947","1947","1947"
"HM0128","1910","1910","1910"
"HM0132","1938","1938","1938"
"HM0134","1932","1932","1932"
"HM0135","1933-1935","1933","1935"
"HM0137","1904","1904","1904"
"HM0139","1902","1902","1902"
"HM0141","1941","1941","1941"
"HM0144","1936-1941","1936","1941"
"HM0145","1901-1926","1901","1926"
"HM0146","1934","1934","1934"
"HM0147","1934-1936","1934","1936"
"HM0148","1935-1942","1935","1942"
"HM0149","1902","1902","1902"
"HM0150","1904-1915","1904","1915"
"HM0153","1901-1905","1901","1905"
"HM0156","1906-1910","1906","1910"
"HM0157","1902-1912","1902","1912"
"HM0159","1909","1909","1909"
"HM0160","1902-1906","1902","1906"
"HM0161","1902","1902","1902"
"HM0162","1934","1934","1934"
"HM0163","1933","1933","1933"
"HM0164","1908-1911","1908","1911"
"HM0165","1904","1904","1904"
"HM0166","1906-1912","1906","1912"
"HM0167","1918","1918","1918"
"HM0169","1901-1906","1901","1906"
"HM0170","1937-1942","1937","1942"
"HM0171","1903","1903","1903"
"HM0172","1934-1942","1934","1942"
"HM0173","1936-1941","1936","1941"
"HM0175","1937-1940","1937","1940"
"HM0177","1937-1942","1937","1942"
"HM0178","1935","1935","1935"
"HM0179","1937","1937","1937"
"HM0180","1905","1905","1905"
"HM0181","1902","1902","1902"
"HM0195","1948","1948","1948"
"HM0197","1905","1905","1905"
"HM0198","1940","1940","1940"
"HM0199","1940","1940","1940"
"HM0200","1938","1938","1938"
"HM0201","1902","1902","1902"
"HM0206","1902-1905","1902","1905"
"HM0217","1934-1940","1934","1940"
"HM0223","1940","1940","1940"
"HM0225","1934","1934","1934"
"HM0226","1934-1937","1934","1937"
"HM0227","1934","1934","1934"
"HM0232","1936","1936","1936"
"HM0233","1934","1934","1934"
"HM0234","1934-1940","1934","1940"
"HM0237","1944","1944","1944"
"HM0238","1934","1934","1934"
"HM0241","1938-1940","1938","1940"
"HM0242","1939","1939","1939"
"IF0009","1919-1925","1919","1925"
"IF0012","1909","1909","1909"
"IF0013","1907-1909","1907","1909"
"IF0016","1916-1928","1916","1928"
"IF0017","1911","1911","1911"
"IF0018","1918","1918","1918"
"IF0019","1902-1929","1902","1929"
"IF0020","1916-1982","1916","1982"
"IF0023","1909-1954","1909","1954"
"IF0024","1951","1951","1951"
"IF0027","1929","1929","1929"
"IF0036","1908","1908","1908"
"IF0041","1949","1949","1949"
"IF0043","1918","1918","1918"
"IF0047","1912-1919","1912","1919"
"IF0058","1957","1957","1957"
"IF0059","1954","1954","1954"
"IF0075","1952","1952","1952"
"IF0078","1951","1951","1951"
"IF0086","1943-1953","1943","1953"
"IF0089","1951","1951","1951"
"IF0092","1929","1929","1929"
"IF0096","1963","1963","1963"
"IF0097","1938","1938","1938"
"IF0098","1955","1955","1955"
"IF0108","1909-1911","1909","1911"
"IF0118","1884","1884","1884"
"IF0120","1914-1916","1914","1916"
"IF0123","1939-1940","1939","1940"
"IF0124","1906","1906","1906"
"IF0126","1908","1908","1908"
"IF0129","1884","1884","1884"
"IF0135","1928","1928","1928"
"IF0139","1945","1945","1945"
"IF0141","1884","1884","1884"
"IF0142","1934","1934","1934"
"IF0149","1922-1927","1922","1927"
"IF0150","1884","1884","1884"
"IF0159","1947","1947","1947"
"IF0160","1907-1930","1907","1930"
"IF0174","1907-1938","1907","1938"
"IF0181","1947","1947","1947"
"IF0212","1904","1904","1904"
"IF0220","1901-1912","1901","1912"
"IF0222","1901-1912","1901","1912"
"IF0223","1902-1905","1902","1905"
"IF0224","1933-1936","1933","1936"
"IF0225","1905","1905","1905"
"IF0226","1905","1905","1905"
"JV0001","1934-1942","1934","1942"
"JV0003","1955-1972","1955","1972"
"JV0004","1938","1938","1938"
"JV0009","1909-1923","1909","1923"
"JV0010","1941","1941","1941"
"JV0012","1902-1940","1902","1940"
"JV0013","1909-1915","1909","1915"
"JV0018","1924-1927","1924","1927"
"JV0019","1959","1959","1959"
"JV0032","1937","1937","1937"
"JV0033","1902-1904","1902","1904"
"JV0036","1921-1924","1921","1924"
"JV0041","1949","1949","1949"
"JV0043","1925","1925","1925"
"JV0046","1918-1919","1918","1919"
"JV0047","1906-1916","1906","1916"
"JV0062","1964-1965","1964","1965"
"JV0063","1932-1942","1932","1942"
"JV0064","1934-1942","1934","1942"
"JV0067","1934-1941","1934","1941"
"JV0071","1909-1916","1909","1916"
"JV0084","1908","1908","1908"
"JV0092","1936-1940","1936","1940"
"JV0102","1919","1919","1919"
"JV0106","1904","1904","1904"
"JV0108","1936-1937","1936","1937"
"JV0109","1937","1937","1937"
"JV0110","1938","1938","1938"
"JV0113","1936","1936","1936"
"JV0114","1939","1939","1939"
"JV0140","1940-1956","1940","1956"
"JV0153","1907","1907","1907"
"PL0001","1901-1911","1901","1911"
"PL0005","1937-1940","1937","1940"
"PL0007","1902-1912","1902","1912"
"PL0016","1943-1935","1943","1935"
"PL0018","1935","1935","1935"
"PL0030","1902","1902","1902"
"PL0031","1934","1934","1934"
"PL0032","1903-1942","1903","1942"
"PL0034","1955","1955","1955"
"PL0035","1910-1919","1910","1919"
"PL0036","1910","1910","1910"
"PL0037","1947","1947","1947"
"PL0081","1956","1956","1956"
"PL0084","1931","1931","1931"
"PL0085","1935-1938","1935","1938"
"PL0093","1934","1934","1934"
"PL0094","1901","1901","1901"
"PL0095","1901-1904","1901","1904"
"PL0096","1934-1937","1934","1937"
"PL0097","1934-1942","1934","1942"
"PL0098","1902","1902","1902"
"PL0099","1901-1914","1901","1914"
"PL0100","1905","1905","1905"
"PL0101","1938","1938","1938"
"PL0105","1934-1940","1934","1940"
"PL0106","1902","1902","1902"
"PL0108","1901-1904","1901","1904"
"PL0141","1939","1939","1939"
"PL0149","1940","1940","1940"
"PL0155","1905","1905","1905"
"PL0156","1938-1939","1938","1939"
"PL0157","1934-1940","1934","1940"
"PL0161","1915-1919","1915","1919"
"PL0166","1938","1938","1938"
"PL0184","1907","1907","1907"
"PL0185","1907","1907","1907"
"PL0187","1936-1941","1936","1941"
"PL0188","1938","1938","1938"
"PL0217","1934-1935","1934","1935"
"PL0218","1939","1939","1939"
"PL0219","1938-1940","1938","1940"
"PL0220","1939-1941","1939","1941"
"PL0221","1913","1913","1913"
"PO0015","1948","1948","1948"
"PO0016","1950","1950","1950"
"PO0027","1940","1940","1940"
"PO0028","1910-1913","1910","1913"
"PO0029","1925","1925","1925"
"PO0032","1902-1908","1902","1908"
"PO0048","1937","1937","1937"
"PO0082","1934-1940","1934","1940"
"PO0083","1934-1935","1934","1935"
"PO0086","1901","1901","1901"
"PO0097","1901-1903","1901","1903"
"PO0106","1901-1902","1901","1902"
"PO0119","1902-1908","1902","1908"
"PO0127","1901-1909","1901","1909"
"PO0130","1904-1905","1904","1905"
"PO0144","1905","1905","1905"
"PO0145","1934-1935","1934","1935"
"PO0146","1934-1941","1934","1941"
"PO0147","1932-1940","1932","1940"
"PO0148","1934","1934","1934"
"PO0162","1936","1936","1936"
"PO0168","1937-1941","1937","1941"
"PO0169","1915-1918","1915","1918"
"PO0175","1902","1902","1902"
"PO0176","1915-1918","1915","1918"
"PO0189","1916","1916","1916"
"PO0195","1956","1956","1956"
"PO0202","1904","1904","1904"
"PO0221","1967","1967","1967"
"PO0254","1967","1967","1967"
"PR0124","1915","1915","1915"
"PR0150","1934","1934","1934"
"PR0168","1907","1907","1907"
"PR0174","1913","1913","1913"
"PR0177","1912","1912","1912"
"PR0193","1927-1929","1927","1929"
"PR0197","1924","1924","1924"
"SA0009","1939","1939","1939"
"SA0017","1904","1904","1904"
"SA0029","1960","1960","1960"
"SA0046","1912","1912","1912"
"SA0047","1917","1917","1917"
"SA0055","1939","1939","1939"
"SA0058","1913","1913","1913"
"SA0066","1923","1923","1923"
"SA0072","1914","1914","1914"
"SA0078","1917","1917","1917"
"SA0085","1928","1928","1928"
"SA0118","1918","1918","1918"
"SA0146","1910","1910","1910"
"SA0172","1968-1969","1968","1969"
"SA0184","1961-1964","1961","1964"
"SA0192","1911","1911","1911"
"SA0194","1951","1951","1951"
"SA0205","1932","1932","1932"
"SA0212","1926","1926","1926"
"SA0213","1927","1927","1927"
"SA0214","1969","1969","1969"
"SA0216","1926-1958","1926","1958"
"SA0218","1931-1958","1931","1958"
"SA0222","1927","1927","1927"
"SA0223","1912-1967","1912","1967"
"SA0224","1949-1956","1949","1956"
"SA0225","1903","1903","1903"
"SA0226","1929","1929","1929"
"SA0227","1949","1949","1949"
"SA0232","1923","1923","1923"
"SA0234","1947","1947","1947"
"SA0239","1910","1910","1910"
"SA0240","1940","1940","1940"
"SA0232","1914","1914","1914"
"SA0259","1936","1936","1936"
"SA0260","1908-1928","1908","1928"
"SA0261","1924","1924","1924"
"SA0262","1957","1957","1957"
"SA0266","1902-1912","1902","1912"
"SA0267","1909-1916","1909","1916"
"SA0269","1901-1927","1901","1927"
"SA0271","1948-1949","1948","1949"
"SA0274","1909","1909","1909"
"SA0277","1934","1934","1934"
"SA0286","1908","1908","1908"
"SA0296","1908","1908","1908"
"SA0299","1911-1920","1911","1920"
"SP0004","1944","1944","1944"
"SP0005","1924-1925","1924","1925"
"SP0006","1951","1951","1951"
"SP0009","1924","1924","1924"
"SP0013","1907","1907","1907"
"SP0016","1925","1925","1925"
"SP0018","1913","1913","1913"
"SP0019","1916","1916","1916"
"SP0021","1937-1943","1937","1943"
"SP0024","1902","1902","1902"
"SP0025","1901","1901","1901"
"SP0027","1915","1915","1915"
"SP0045","1911","1911","1911"
"SP0054","1968","1968","1968"
"SP0067","1911","1911","1911"
"SP0092","1953","1953","1953"
"SP0099","1926","1926","1926"
"SP0119","1907-1909","1907","1909"
"SP0130","1917-1928","1917","1928"
"SP0145","1901-1977","1901","1977"
"SP0148","1904-1907","1904","1907"
"SP0158","1911-1917","1911","1917"
"SP0159","1901-1905","1901","1905"
"SP0164","1916","1916","1916"
"SP0165","1938","1938","1938"
"SP0166","1916-1917","1916","1917"
"SP0167","1909-1932","1909","1932"
"SP0170","1905","1905","1905"
"SP0186","1948-1952","1948","1952"
"SP0193","1913-1932","1913","1932"
"SP0200","1927-1928","1927","1928"
"SP0202","1908","1908","1908"
"SP0203","1927","1927","1927"
"SP0210","1917","1917","1917"
"SP0219","1944-1955","1944","1955"
"SP0223","1913","1913","1913"
"SP0224","1912","1912","1912"
"SP0228","1904-1908","1904","1908"
"SP0229","1924-1942","1924","1942"
"SP0230","1916-1923","1916","1923"
"SP0231","1913","1913","1913"
"SP0235","1948-1969","1948","1969"
"SP0236","1948-1955","1948","1955"
"SP0237","1939-1941","1939","1941"
"SP0242","1937","1937","1937"
"SP0257","1945","1945","1945"
"SP0259","1922","1922","1922"
"SP0260","1946-1951","1946","1951"
"SP0264","1921-1932","1921","1932"
"SP0267","1916-1920","1916","1920"
"SP0275","1916","1916","1916"
"SP0282","1904-1905","1904","1905"
"SP0283","1926","1926","1926"
"SP0301","1916-1918","1916","1918"
"SP0307","1915-1918","1915","1918"
"SP0365","1937","1937","1937"
"SP0366","1942-1946","1942","1946"
"SP0370","1909-1919","1909","1919"
"SP0371","1963","1963","1963"
"SP0374","1942","1942","1942"
"SP0377","1901","1901","1901"
"SP0379","1959","1959","1959"
"SP0385","1934-1938","1934","1938"
"SP0391","1954","1954","1954"
"SP0392","1937-1939","1937","1939"
"TF0007","1936","1936","1936"
"TF0008","1947","1947","1947"
"TF0029","1934-1942","1934","1942"
"TF0032","1938","1938","1938"
"TF0036","1937","1937","1937"
"TF0038","1936-1940","1936","1940"
"TF0040","1934","1934","1934"
"TF0043","1938-1940","1938","1940"
"TF0048","1934","1934","1934"
"TF0049","1935","1935","1935"
"TF0053","1934","1934","1934"
"TF0056","1901-1906","1901","1906"
"TF0059","1939","1939","1939"
"TF0060","1939","1939","1939"
"TF0061","1934","1934","1934"
"TF0062","1937-1941","1937","1941"
"TF0071","1934","1934","1934"
"TF0072","1934-1942","1934","1942"
"TF0075","1936-1942","1936","1942"
"TF0076","1940","1940","1940"
"TF0077","1934-1940","1934","1940"
"TF0078","1938-1942","1938","1942"
"TF0079","1936-1941","1936","1941"
"TF0081","1940-1941","1940","1941"
"TF0082","1939-1941","1939","1941"
"TF0085","1935","1935","1935"
"TF0086","1934-1940","1934","1940"
"TF0087","1934-1939","1934","1939"
"TF0088","1938-1940","1938","1940"
"WL0004","1941","1941","1941"
"WL0014","1941","1941","1941"
"WL0026","1939","1939","1939"
"WL0028","1928-1933","1928","1933"
"WL0032","1943","1943","1943"
"WL0033","1935-1936","1935","1936"
"WL0036","1902-1916","1902","1916"
"WL0043","1902","1902","1902"
"WL0044","1937-1941","1937","1941"
"WL0045","1906","1906","1906"
"WL0046","1904","1904","1904"
"WL0051","1954","1954","1954"
"WL0053","1934-1938","1934","1938"
"WL0054","1935","1935","1935"
"WL0055","1934-1937","1934","1937"
"WL0056","1938","1938","1938"
"WL0057","1906-1913","1906","1913"
"WL0059","1938","1938","1938"
"WL0066","1934-1942","1934","1942"
"WL0068","1901","1901","1901"
"WL0069","1940","1940","1940"
"WL0075","1902-1904","1902","1904"
"WL0077","1940","1940","1940"
"WL0085","1925-1929","1925","1929"
"WL0087","1939-1940","1939","1940"
"WL0089","1911","1911","1911"
"WL0092","1905-1907","1905","1907"
"WL0093","**haveproduction**","**haveproduction**","**haveproduction**"
"WL0095","1901-1902","1901","1902"
"WL0096","1932-1941","1932","1941"
"WL0101","1948","1948","1948"
"WL0105","1902-1914","1902","1914"
"WL0109","1934-1938","1934","1938"
"WL0110","1903","1903","1903"
"WL0113","1936","1936","1936"
"WL0114","1905","1905","1905"
"WL0116","1901-1903","1901","1903"
"WL0121","1903-1909","1903","1909"
"WL0125","1939-1941","1939","1941"
"WL0128","1904-1905","1904","1905"
"WL0137","1909","1909","1909"
"WL0148","1911","1911","1911"
"WL0154","1907","1907","1907"
"WL0156","1941-1959","1941","1959"
"WL0161","1912","1912","1912"
"WL0163","1952","1952","1952"
"WL0166","1955-1970","1955","1970"
"WL0186","1919","1919","1919"
"WL0191","1941","1941","1941"
"WL0198","1901-1925","1901","1925"
"WL0218","1905-1912","1905","1912"
"WL0235","1924-1927","1924","1927"
"WL0241","1905-1931","1905","1931"
"WL0247","1927-1931","1927","1931"
"WL0254","1901-1903","1901","1903"
"WL0260","1901","1901","1901"
"WL0276","1908","1908","1908"
"WL0279","1902-1951","1902","1951"
"WL0299","1929-1931","1929","1931"
"WL0300","1941","1941","1941"
"WL0309","1901-1957","1901","1957"
"WL0313","1925-1927","1925","1927"
"WL0328","1942-1951","1942","1951"
"WL0332","1920-1930","1920","1930"
"WL0346","1908-1912","1908","1912"
"WL0350","1918-1922","1918","1922"
"WL0354","1901-1967","1901","1967"
"WL0362","1919-1922","1919","1922"
"WL0366","1924-1977","1924","1977"
"WL0367","1914-1919","1914","1919"
"WL0375","1941-1942","1941","1942"
"WL0383","1921-1923","1921","1923"
"WL0390","1901-1930","1901","1930"
"WL0396","1901","1901","1901"
"WL0397","1922","1922","1922"
"WL0408","1909-1917","1909","1917"
"WL0416","1922-1925","1922","1925"
"WL0421","1938","1938","1938"
"WL0446","1930-1931","1930","1931"
"WL0460","1910","1910","1910"
"WL0504","1913-1919","1913","1919"
"WL0507","1923","1923","1923"
"WL0545","1939-1941","1939","1941"
"WL0546","1937-1938","1937","1938"
"WL0553","1938","1938","1938"
"BA0015","1935","1935","1935"
"BA0017","1946-1952","1946","1952"
"BA0018","1927","1927","1927"
"BA0045","1940","1940","1940"
"BA0053","1942","1942","1942"
"BA0055","1947","1947","1947"
"BA0061","1949","1949","1949"
"BA0062","1923","1923","1923"
"BA0089","1918","1918","1918"
"BA0106","1937","1937","1937"
"BA0148","1940","1940","1940"
"BA0158","1958","1958","1958"
"BA0188","1951","1951","1951"
"BA0195","1947-1948","1947","1948"
"BO0006","1926","1926","1926"
"BO0007","1908","1908","1908"
"BO0015","1915-1916","1915","1916"
"BO0019","1906","1906","1906"
"BO0034","1950","1950","1950"
"BO0036","1936-1938","1936","1938"

The free trial of MDB ACCDB Viewer exports only half of the records in each table.
