"ID","PortfolioScanName","CrossRefProp"
1,"P06_001","SP0158"
2,"P06_001","SP0159"
3,"P06_001","SP0160"
4,"P06_001","SP0161"
5,"P06_001","SP0162"
6,"P06_001","SP0163"
7,"P06_001","SP0164"
8,"P06_001","SP0165"
9,"P06_001","SP0166"
10,"P06_001","SP0167"
11,"P06_001","SP0168"
12,"P06_001","SP0169"
13,"P06_001","SP0171"
14,"P06_001","SP0172"
15,"P06_001","SP0173"
16,"P06_001","SP0174"
17,"P06_001","SP0175"
18,"P06_001","SP0177"
19,"P06_001","SP0178"
20,"P06_001","SP0179"
21,"P06_001","SP0180"
22,"P06_001","SP0181"
23,"P06_001","SP0182"
24,"P06_001","SP0183"
25,"P06_001","SP0184"
26,"P06_001","SP0185"
27,"P06_001","SP0186"
28,"P06_001","SP0187"
29,"P06_001","SP0188"
30,"P06_001","SP0189"
31,"P06_001","SP0190"
32,"P06_001","SP0191"
33,"P06_001","SP0192"
34,"P08_006","SP0162"
35,"P08_006","SP0167"
36,"P08_006","SP0169"
37,"P08_006","SP0183"
38,"P08_006","SP0184"
39,"P08_006","SP0192"
40,"P08_006","SP0194"
41,"P08_006","SP0197"
42,"P08_006","SP0198"
43,"P08_006","SP0200"
44,"P08_006","SP0209"
45,"P08_006","SP0212"
46,"P08_006","SP0214"
47,"P08_006","SP0215"
48,"P08_006","SP0216"
49,"P08_008","SP0167"
50,"P08_008","SP0169"
51,"P08_008","SP0183"
52,"P08_008","SP0184"
53,"P08_008","SP0192"
54,"P08_008","SP0194"
55,"P08_008","SP0197"
56,"P08_008","SP0198"
57,"P08_008","SP0200"
58,"P08_008","SP0209"
59,"P08_008","SP0212"
60,"P08_008","SP0214"
61,"P08_008","SP0215"
62,"P08_008","SP0216"
63,"P08_009","SP0145"
64,"P08_009","SP0162"
65,"P08_009","SP0167"
66,"P08_009","SP0169"
67,"P08_009","SP0183"
68,"P08_009","SP0184"
69,"P08_009","SP0192"
70,"P08_009","SP0194"
71,"P08_009","SP0197"
72,"P08_009","SP0198"
73,"P08_009","SP0200"
74,"P08_009","SP0209"
75,"P08_009","SP0212"
76,"P08_009","SP0214"
77,"P08_009","SP0215"
78,"P08_009","SP0216"
79,"P08_010","SP0145"
80,"P08_010","SP0162"
81,"P08_010","SP0167"
82,"P08_010","SP0169"
83,"P08_010","SP0183"
84,"P08_010","SP0184"
85,"P08_010","SP0192"
86,"P08_010","SP0194"
87,"P08_010","SP0197"
88,"P08_010","SP0198"
89,"P08_010","SP0200"
90,"P08_010","SP0209"
91,"P08_010","SP0212"
92,"P08_010","SP0214"
93,"P08_010","SP0215"
94,"P08_010","SP0216"
95,"P08_011","SP0145"
96,"P08_011","SP0162"
97,"P08_011","SP0167"
98,"P08_011","SP0169"
99,"P08_011","SP0183"
100,"P08_011","SP0184"
101,"P08_011","SP0192"
102,"P08_011","SP0194"
103,"P08_011","SP0197"
104,"P08_011","SP0198"
105,"P08_011","SP0200"
106,"P08_011","SP0209"
107,"P08_011","SP0212"
108,"P08_011","SP0214"
109,"P08_011","SP0215"
110,"P08_011","SP0216"
111,"P08_012","SP0145"
112,"P08_012","SP0162"
113,"P08_012","SP0167"
114,"P08_012","SP0169"
115,"P08_012","SP0183"
116,"P08_012","SP0184"
117,"P08_012","SP0192"
118,"P08_012","SP0194"
119,"P08_012","SP0197"
120,"P08_012","SP0198"
121,"P08_012","SP0200"
122,"P08_012","SP0209"
123,"P08_012","SP0212"
124,"P08_012","SP0214"
125,"P08_012","SP0215"
126,"P08_012","SP0216"
127,"P08_013","SP0145"
128,"P08_013","SP0162"
129,"P08_013","SP0167"
130,"P08_013","SP0169"
131,"P08_013","SP0183"
132,"P08_013","SP0184"
133,"P08_013","SP0192"
134,"P08_013","SP0194"
135,"P08_013","SP0197"
136,"P08_013","SP0198"
137,"P08_013","SP0200"
138,"P08_013","SP0209"
139,"P08_013","SP0212"
140,"P08_013","SP0214"
141,"P08_013","SP0215"
142,"P08_013","SP0216"
143,"P08_014","SP0145"
144,"P08_014","SP0162"
145,"P08_014","SP0167"
146,"P08_014","SP0169"
147,"P08_014","SP0183"
148,"P08_014","SP0184"
149,"P08_014","SP0192"
150,"P08_014","SP0194"
151,"P08_014","SP0197"
152,"P08_014","SP0198"
153,"P08_014","SP0200"
154,"P08_014","SP0209"
155,"P08_014","SP0212"
156,"P08_014","SP0214"
157,"P08_014","SP0215"
158,"P08_014","SP0216"
159,"P08_015","SP0145"
160,"P08_015","SP0162"
161,"P08_015","SP0167"
162,"P08_015","SP0169"
163,"P08_015","SP0183"
164,"P08_015","SP0184"
165,"P08_015","SP0192"
166,"P08_015","SP0194"
167,"P08_015","SP0197"
168,"P08_015","SP0198"
169,"P08_015","SP0200"
170,"P08_015","SP0209"
171,"P08_015","SP0212"
172,"P08_015","SP0214"
173,"P08_015","SP0215"
174,"P08_015","SP0216"
175,"P07_001","SP0145"
176,"P07_001","SP0162"
177,"P07_001","SP0167"
178,"P07_001","SP0169"
179,"P07_001","SP0183"
180,"P07_001","SP0184"
181,"P07_001","SP0192"
182,"P07_001","SP0194"
183,"P07_001","SP0197"
184,"P07_001","SP0198"
185,"P07_001","SP0200"
186,"P07_001","SP0209"
187,"P07_001","SP0212"
188,"P07_001","SP0214"
189,"P07_001","SP0215"
190,"P07_001","SP0216"
191,"P07_002","SP0145"
192,"P07_002","SP0162"
193,"P07_002","SP0167"
194,"P07_002","SP0169"
195,"P07_002","SP0183"
196,"P07_002","SP0184"
197,"P07_002","SP0192"
198,"P07_002","SP0194"
199,"P07_002","SP0197"
200,"P07_002","SP0198"
201,"P07_002","SP0200"
202,"P07_002","SP0209"
203,"P07_002","SP0212"
204,"P07_002","SP0214"
205,"P07_002","SP0215"
206,"P07_002","SP0216"
207,"P07_003","SP0145"
208,"P07_003","SP0162"
209,"P07_003","SP0167"
210,"P07_003","SP0169"
211,"P07_003","SP0183"
212,"P07_003","SP0184"
213,"P07_003","SP0192"
214,"P07_003","SP0194"
215,"P07_003","SP0197"
216,"P07_003","SP0198"
217,"P07_003","SP0200"
218,"P07_003","SP0209"
219,"P07_003","SP0212"
220,"P07_003","SP0214"
221,"P07_003","SP0215"
222,"P07_003","SP0216"
223,"P07_004","SP0145"
224,"P07_004","SP0162"
225,"P07_004","SP0167"
226,"P07_004","SP0169"
227,"P07_004","SP0183"
228,"P07_004","SP0184"
229,"P07_004","SP0192"
230,"P07_004","SP0194"
231,"P07_004","SP0197"
232,"P07_004","SP0198"
233,"P07_004","SP0200"
234,"P07_004","SP0209"
235,"P07_004","SP0212"
236,"P07_004","SP0214"
237,"P07_004","SP0215"
238,"P07_004","SP0216"
239,"P07_005","SP0145"
240,"P07_005","SP0162"
241,"P07_005","SP0167"
242,"P07_005","SP0169"
243,"P07_005","SP0183"
244,"P07_005","SP0184"
245,"P07_005","SP0192"
246,"P07_005","SP0194"
247,"P07_005","SP0197"
248,"P07_005","SP0198"
249,"P07_005","SP0200"
250,"P07_005","SP0209"
251,"P07_005","SP0212"
252,"P07_005","SP0214"
253,"P07_005","SP0215"
254,"P07_005","SP0216"
255,"P07_006","SP0145"
256,"P07_006","SP0162"
257,"P07_006","SP0167"
258,"P07_006","SP0169"
259,"P07_006","SP0183"
260,"P07_006","SP0184"
261,"P07_006","SP0192"
262,"P07_006","SP0194"
263,"P07_006","SP0197"
264,"P07_006","SP0198"
265,"P07_006","SP0200"
266,"P07_006","SP0209"
267,"P07_006","SP0212"
268,"P07_006","SP0214"
269,"P07_006","SP0215"
270,"P07_006","SP0216"
271,"P07_007","SP0145"
272,"P07_007","SP0162"
273,"P07_007","SP0167"
274,"P07_007","SP0169"
275,"P07_007","SP0183"
276,"P07_007","SP0184"
277,"P07_007","SP0192"
278,"P07_007","SP0194"
279,"P07_007","SP0197"
280,"P07_007","SP0198"
281,"P07_007","SP0200"
282,"P07_007","SP0209"
283,"P07_007","SP0212"
284,"P07_007","SP0214"
285,"P07_007","SP0215"
286,"P07_007","SP0216"
287,"P07_008","SP0145"
288,"P07_008","SP0162"
289,"P07_008","SP0167"
290,"P07_008","SP0169"
291,"P07_008","SP0183"
292,"P07_008","SP0184"
293,"P07_008","SP0192"
294,"P07_008","SP0194"
295,"P07_008","SP0197"
296,"P07_008","SP0198"
297,"P07_008","SP0200"
298,"P07_008","SP0209"
299,"P07_008","SP0212"
300,"P07_008","SP0214"
301,"P07_008","SP0215"
302,"P07_008","SP0216"
303,"P07_009","SP0145"
304,"P07_009","SP0162"
305,"P07_009","SP0167"
306,"P07_009","SP0169"
307,"P07_009","SP0183"
308,"P07_009","SP0184"
309,"P07_009","SP0192"
310,"P07_009","SP0194"
311,"P07_009","SP0197"
312,"P07_009","SP0198"
313,"P07_009","SP0200"
314,"P07_009","SP0209"
315,"P07_009","SP0212"
316,"P07_009","SP0214"
317,"P07_009","SP0215"
318,"P07_009","SP0216"
319,"P07_010","SP0145"
320,"P07_010","SP0162"
321,"P07_010","SP0167"
322,"P07_010","SP0169"
323,"P07_010","SP0183"
324,"P07_010","SP0184"
325,"P07_010","SP0192"
326,"P07_010","SP0194"
327,"P07_010","SP0197"
328,"P07_010","SP0198"
329,"P07_010","SP0200"
330,"P07_010","SP0209"
331,"P07_010","SP0212"
332,"P07_010","SP0214"
333,"P07_010","SP0215"
334,"P07_010","SP0216"
335,"P07_011","SP0145"
336,"P07_011","SP0162"
337,"P07_011","SP0167"
338,"P07_011","SP0169"
339,"P07_011","SP0183"
340,"P07_011","SP0184"
341,"P07_011","SP0192"
342,"P07_011","SP0194"
343,"P07_011","SP0197"
344,"P07_011","SP0198"
345,"P07_011","SP0200"
346,"P07_011","SP0209"
347,"P07_011","SP0212"
348,"P07_011","SP0214"
349,"P07_011","SP0215"
350,"P07_011","SP0216"
351,"P07_012","SP0145"
352,"P07_012","SP0162"
353,"P07_012","SP0167"
354,"P07_012","SP0169"
355,"P07_012","SP0183"
356,"P07_012","SP0184"
357,"P07_012","SP0192"
358,"P07_012","SP0194"
359,"P07_012","SP0197"
360,"P07_012","SP0198"
361,"P07_012","SP0200"
362,"P07_012","SP0209"
363,"P07_012","SP0212"
364,"P07_012","SP0214"
365,"P07_012","SP0215"
366,"P07_012","SP0216"
367,"P07_013","SP0145"
368,"P07_013","SP0162"
369,"P07_013","SP0167"
370,"P07_013","SP0169"
371,"P07_013","SP0183"
372,"P07_013","SP0184"
373,"P07_013","SP0192"
374,"P07_013","SP0194"
375,"P07_013","SP0197"
376,"P07_013","SP0198"
377,"P07_013","SP0200"
378,"P07_013","SP0209"
379,"P07_013","SP0212"
380,"P07_013","SP0214"
381,"P07_013","SP0215"
382,"P07_013","SP0216"
383,"P07_014","SP0145"
384,"P07_014","SP0162"
385,"P07_014","SP0167"
386,"P07_014","SP0169"
387,"P07_014","SP0183"
388,"P07_014","SP0184"
389,"P07_014","SP0192"
390,"P07_014","SP0194"
391,"P07_014","SP0197"
392,"P07_014","SP0198"
393,"P07_014","SP0200"
394,"P06_001","SP0193"
395,"P06_001","SP0194"
396,"P06_001","SP0195"
397,"P06_001","SP0196"
398,"P06_001","SP0197"
399,"P06_001","SP0198"
400,"P06_001","SP0199"
401,"P06_001","SP0200"
402,"P06_001","SP0201"
403,"P06_001","SP0202"
404,"P06_001","SP0203"
405,"P06_001","SP0204"
406,"P06_001","SP0205"
407,"P06_001","SP0206"
408,"P06_001","SP0207"
409,"P06_001","SP0208"
410,"P06_001","SP0209"
411,"P06_001","SP0210"
412,"P06_001","SP0211"
413,"P06_001","SP0212"
414,"P06_001","SP0213"
415,"P06_001","SP0214"
416,"P06_001","SP0215"
417,"P09_010","SP0240"
418,"P09_010","SP0241"
419,"P09_010","SP0243"
420,"P09_010","SP0244"
421,"P09_010","SP0245"
422,"P09_010","SP0247"
423,"P09_010","SP0250"
424,"P09_010","SP0252"
425,"P09_010","SP0254"
426,"P09_010","SP0256"
427,"P09_010","SP0260"
428,"P09_010","SP0262"
429,"P09_010","SP0263"
430,"P09_010","SP0265"
431,"P09_010","SP0269"
432,"P09_010","SP0271"
433,"P09_010","SP0273"
434,"P09_010","SP0274"
435,"P09_010","SP0276"
436,"P09_010","SP0277"
437,"P09_010","SP0284"
438,"P09_010","SP0286"
439,"P09_010","SP0287"
440,"P09_010","SP0291"
441,"P09_010","SP0412"
442,"P09_010","SP0413"
443,"P09_010","SP0414"
444,"P09_010","SP0415"
445,"P09_010","SP0416"
446,"P09_010","SP0421"
447,"P09_010","SP0434"
448,"P09_010","SP0435"
449,"P09_010","SP0438"
450,"P09_010","SP0445"
451,"P09_010","SP0446"
452,"P09_010","SP0447"
453,"P09_010","SP0448"
454,"P09_010","SP0457"
455,"P09_011","SP0139"
456,"P09_011","SP0140"
457,"P09_011","SP0141"
458,"P09_011","SP0142"
459,"P09_011","SP0145"
460,"P09_011","SP0153"
461,"P09_011","SP0155"
462,"P09_011","SP0160"
463,"P09_011","SP0162"
464,"P09_011","SP0163"
465,"P09_011","SP0165"
466,"P09_011","SP0173"
467,"P09_011","SP0175"
468,"P09_011","SP0179"
469,"P09_011","SP0181"
470,"P09_011","SP0184"
471,"P09_011","SP0185"
472,"P09_011","SP0186"
473,"P09_011","SP0194"
474,"P09_011","SP0195"
475,"P09_011","SP0198"
476,"P09_011","SP0199"
477,"P09_011","SP0201"
478,"P09_011","SP0202"
479,"P09_011","SP0206"
480,"P09_011","SP0207"
481,"P09_011","SP0208"
482,"P09_011","SP0210"
483,"P09_011","SP0211"
484,"P09_011","SP0213"
485,"P09_011","SP0217"
486,"P09_011","SP0218"
487,"P09_011","SP0219"
488,"P09_011","SP0221"
489,"P09_011","SP0222"
490,"P09_011","SP0225"
491,"P09_011","SP0226"
492,"P09_011","SP0228"
493,"P09_011","SP0229"
494,"P09_011","SP0230"
495,"P09_011","SP0231"
496,"P09_011","SP0232"
497,"P09_011","SP0234"
498,"P09_011","SP0235"
499,"P09_011","SP0236"
500,"P09_011","SP0237"
501,"P09_011","SP0238"
502,"P09_011","SP0239"
503,"P09_011","SP0240"
504,"P09_011","SP0241"
505,"P09_011","SP0243"
506,"P09_011","SP0244"
507,"P09_011","SP0245"
508,"P09_011","SP0247"
509,"P09_011","SP0250"
510,"P09_011","SP0252"
511,"P09_011","SP0254"
512,"P09_011","SP0256"
513,"P09_011","SP0260"
514,"P09_011","SP0262"
515,"P09_011","SP0263"
516,"P09_011","SP0265"
517,"P09_011","SP0269"
518,"P09_011","SP0271"
519,"P09_011","SP0273"
520,"P09_011","SP0274"
521,"P09_011","SP0276"
522,"P09_011","SP0277"
523,"P09_011","SP0284"
524,"P09_011","SP0286"
525,"P09_011","SP0287"
526,"P09_011","SP0291"
527,"P09_011","SP0412"
528,"P09_011","SP0413"
529,"P09_011","SP0414"
530,"P09_011","SP0415"
531,"P09_011","SP0416"
532,"P09_011","SP0421"
533,"P09_011","SP0434"
534,"P09_011","SP0435"
535,"P09_011","SP0438"
536,"P09_011","SP0445"
537,"P09_011","SP0446"
538,"P09_011","SP0447"
539,"P09_011","SP0448"
540,"P09_011","SP0457"
541,"P09_012","SP0115"
542,"P09_012","SP0117"
543,"P09_012","SP0119"
544,"P09_012","SP0121"
545,"P09_012","SP0123"
546,"P09_012","SP0124"
547,"P09_012","SP0125"
548,"P09_012","SP0127"
549,"P09_012","SP0131"
550,"P09_012","SP0417"
551,"P09_012","SP0418"
552,"P09_012","SP0422"
553,"P09_012","SP0424"
554,"P09_013","SP0115"
555,"P09_013","SP0117"
556,"P09_013","SP0119"
557,"P09_013","SP0121"
558,"P09_013","SP0123"
559,"P09_013","SP0124"
560,"P09_013","SP0125"
561,"P09_013","SP0127"
562,"P09_013","SP0131"
563,"P09_013","SP0417"
564,"P09_013","SP0418"
565,"P09_013","SP0422"
566,"P09_013","SP0424"
567,"P09_014","SP0115"
568,"P09_014","SP0117"
569,"P09_014","SP0119"
570,"P09_014","SP0121"
571,"P09_014","SP0123"
572,"P09_014","SP0124"
573,"P09_014","SP0125"
574,"P09_014","SP0127"
575,"P09_014","SP0131"
576,"P09_014","SP0417"
577,"P09_014","SP0418"
578,"P09_014","SP0422"
579,"P09_014","SP0424"
580,"P09_015","SP0077"
581,"P09_015","SP0079"
582,"P09_015","SP0081"
583,"P09_016","WL0190"
584,"P09_016","WL0194"
585,"P09_016","WL0195"
586,"P09_016","WL0197"
587,"P09_016","WL0202"
588,"P09_016","WL0203"
589,"P09_016","WL0204"
590,"P09_016","WL0206"
591,"P09_016","WL0209"
592,"P09_016","WL0210"
593,"P09_016","WL0211"
594,"P09_016","WL0213"
595,"P09_016","WL0217"
596,"P09_016","WL0218"
597,"P09_016","WL0221"
598,"P09_016","WL0223"
599,"P09_016","WL0224"
600,"P09_016","WL0226"
601,"P09_016","WL0229"
602,"P09_016","WL0231"
603,"P09_016","WL0232"
604,"P09_016","WL0233"
605,"P09_016","WL0236"
606,"P09_016","WL0237"
607,"P09_016","WL0241"
608,"P09_016","WL0243"
609,"P09_016","WL0249"
610,"P09_016","WL0263"
611,"P09_016","WL0265"
612,"P09_016","WL0269"
613,"P09_016","WL0280"
614,"P09_016","WL0281"
615,"P09_016","WL0285"
616,"P09_016","WL0292"
617,"P09_016","WL0294"
618,"P09_016","WL0297"
619,"P09_016","WL0298"
620,"P09_016","WL0299"
621,"P09_016","WL0300"
622,"P09_016","WL0302"
623,"P09_016","WL0305"
624,"P09_016","WL0306"
625,"P06_001","SP0216"
626,"P06_001","SP0217"
627,"P06_001","SP0218"
628,"P06_001","SP0219"
629,"P06_001","SP0221"
630,"P06_001","SP0222"
631,"P06_001","SP0223"
632,"P06_001","SP0224"
633,"P06_001","SP0225"
634,"P06_001","SP0226"
635,"P06_001","SP0228"
636,"P06_001","SP0229"
637,"P06_001","SP0230"
638,"P06_001","SP0231"
639,"P06_001","SP0232"
640,"P06_001","SP0233"
641,"P06_001","SP0234"
642,"P06_001","SP0235"
643,"P06_001","SP0236"
644,"P06_001","SP0237"
645,"P06_001","SP0238"
646,"P06_001","SP0239"
647,"P06_001","SP0240"
648,"P06_001","SP0241"
649,"P06_001","SP0242"
650,"P06_001","SP0243"
651,"P06_001","SP0244"
652,"P06_001","SP0245"
653,"P06_001","SP0246"
654,"P06_001","SP0247"
655,"P06_001","SP0248"
656,"P06_001","SP0249"
657,"P06_001","SP0250"
658,"P06_001","SP0252"
659,"P06_001","SP0253"
660,"P06_001","SP0254"
661,"P06_001","SP0255"
662,"P06_001","SP0256"
663,"P06_001","SP0257"
664,"P06_001","SP0258"
665,"P06_001","SP0259"
666,"P06_001","SP0260"
667,"P06_001","SP0261"
668,"P06_001","SP0262"
669,"P06_001","SP0263"
670,"P06_001","SP0264"
671,"P06_001","SP0265"
672,"P06_001","SP0266"
673,"P06_001","SP0267"
674,"P06_001","SP0269"
675,"P06_001","SP0270"
676,"P06_001","SP0271"
677,"P06_001","SP0272"
678,"P06_001","SP0273"
679,"P06_001","SP0274"
680,"P06_001","SP0275"
681,"P06_001","SP0276"
682,"P06_001","SP0277"
683,"P06_001","SP0278"
684,"P06_001","SP0279"
685,"P06_001","SP0280"
686,"P06_001","SP0281"
687,"P06_001","SP0282"
688,"P06_001","SP0283"
689,"P06_001","SP0284"
690,"P06_001","SP0285"
691,"P06_001","SP0286"
692,"P06_001","SP0287"
693,"P06_001","SP0288"
694,"P06_001","SP0289"
695,"P06_001","SP0290"
696,"P06_001","SP0291"
697,"P06_001","SP0293"
698,"P06_001","SP0294"
699,"P06_001","SP0295"
700,"P06_001","SP0296"
701,"P06_001","SP0297"
702,"P06_001","SP0298"
703,"P06_001","SP0299"
704,"P06_001","SP0300"
705,"P06_001","SP0301"
706,"P06_001","SP0302"
707,"P06_001","SP0303"
708,"P06_001","SP0304"
709,"P06_001","SP0306"
710,"P06_001","SP0307"
711,"P06_001","SP0308"
712,"P06_001","SP0309"
713,"P06_001","SP0310"
714,"P06_001","SP0311"
715,"P06_001","SP0312"
716,"P06_001","SP0314"
717,"P06_001","SP0315"
718,"P06_001","SP0316"
719,"P06_001","SP0318"
720,"P06_001","SP0319"
721,"P06_001","SP0321"
722,"P06_001","SP0322"
723,"P06_001","SP0324"
724,"P06_001","SP0331"
725,"P06_001","SP0337"
726,"P06_001","SP0343"
727,"P06_001","SP0344"
728,"P06_001","SP0346"
729,"P06_001","SP0347"
730,"P06_001","SP0349"
731,"P06_001","SP0354"
732,"P06_001","SP0358"
733,"P06_001","SP0362"
734,"P06_001","SP0379"
735,"P06_001","SP0380"
736,"P06_001","SP0381"
737,"P06_001","SP0382"
738,"P06_001","SP0383"
739,"P06_001","SP0384"
740,"P06_001","SP0393"
741,"P06_001","SP0395"
742,"P06_001","SP0398"
743,"P06_001","SP0399"
744,"P06_001","SP0400"
745,"P06_001","SP0401"
746,"P06_001","SP0402"
747,"P06_001","SP0403"
748,"P06_001","SP0404"
749,"P06_001","SP0405"
750,"P06_001","SP0406"
751,"P06_001","SP0407"
752,"P06_001","SP0408"
753,"P06_001","SP0409"
754,"P06_001","SP0410"
755,"P06_001","SP0411"
756,"P06_001","SP0412"
757,"P06_001","SP0413"
758,"P06_001","SP0414"
759,"P06_001","SP0415"
760,"P06_001","SP0416"
761,"P06_001","SP0417"
762,"P06_001","SP0418"
763,"P06_001","SP0419"
764,"P06_001","SP0420"
765,"P06_001","SP0421"
766,"P06_001","SP0422"
767,"P06_001","SP0423"
768,"P06_001","SP0424"
769,"P06_001","SP0425"
770,"P06_001","SP0426"
771,"P06_001","SP0427"
772,"P06_001","SP0428"
773,"P06_001","SP0429"
774,"P06_001","SP0430"
775,"P06_001","SP0431"
776,"P06_001","SP0432"
777,"P06_001","SP0433"
778,"P06_001","SP0434"
779,"P06_001","SP0435"
780,"P06_001","SP0436"
781,"P06_001","SP0437"
782,"P06_001","SP0438"
783,"P06_001","SP0442"
784,"P06_001","SP0445"
785,"P06_001","SP0446"
786,"P06_001","SP0447"
787,"P06_001","SP0448"
788,"P06_001","SP0455"
789,"P06_001","SP0456"
790,"P06_001","SP0457"
791,"P06_001","WL0001"
792,"P06_001","WL0002"
793,"P06_001","WL0003"
794,"P06_001","WL0004"
795,"P06_001","WL0005"
796,"P06_001","WL0006"
797,"P06_001","WL0007"
798,"P06_001","WL0008"
799,"P06_001","WL0009"
800,"P06_001","WL0010"
801,"P06_001","WL0011"
802,"P06_001","WL0012"
803,"P06_001","WL0013"
804,"P06_001","WL0014"
805,"P06_001","WL0015"
806,"P06_001","WL0016"
807,"P06_001","WL0017"
808,"P06_001","WL0018"
809,"P06_001","WL0019"
810,"P06_001","WL0020"
811,"P06_001","WL0021"
812,"P06_001","WL0022"
813,"P06_001","WL0023"
814,"P06_001","WL0024"
815,"P06_001","WL0025"
816,"P06_001","WL0026"
817,"P06_001","WL0027"
818,"P06_001","WL0028"
819,"P06_001","WL0029"
820,"P06_001","WL0030"
821,"P06_001","WL0031"
822,"P06_001","WL0032"
823,"P06_001","WL0033"
824,"P06_001","WL0034"
825,"P06_001","WL0035"
826,"P06_001","WL0036"
827,"P06_001","WL0037"
828,"P06_001","WL0038"
829,"P06_001","WL0039"
830,"P06_001","WL0040"
831,"P06_001","WL0041"
832,"P06_001","WL0042"
833,"P06_001","WL0043"
834,"P06_001","WL0044"
835,"P06_001","WL0045"
836,"P06_001","WL0046"
837,"P06_001","WL0047"
838,"P06_001","WL0048"
839,"P06_001","WL0049"
840,"P06_001","WL0050"
841,"P06_001","WL0051"
842,"P06_001","WL0052"
843,"P06_001","WL0053"
844,"P06_001","WL0054"
845,"P06_001","WL0055"
846,"P06_001","WL0056"
847,"P06_001","WL0057"
848,"P06_001","WL0058"
849,"P06_001","WL0059"
850,"P06_001","WL0060"
851,"P06_001","WL0061"
852,"P06_001","WL0062"
853,"P06_001","WL0063"
854,"P06_001","WL0064"
855,"P06_001","WL0065"
856,"P06_001","WL0066"
857,"P06_001","WL0067"
858,"P06_001","WL0068"
859,"P06_001","WL0069"
860,"P06_001","WL0070"
861,"P06_001","WL0071"
862,"P06_001","WL0072"
863,"P06_001","WL0073"
864,"P06_001","WL0074"
865,"P06_001","WL0075"
866,"P06_001","WL0076"
867,"P06_001","WL0077"
868,"P06_001","WL0078"
869,"P06_001","WL0079"
870,"P06_001","WL0080"
871,"P06_001","WL0081"
872,"P06_001","WL0082"
873,"P06_001","WL0083"
874,"P06_001","WL0084"
875,"P06_001","WL0085"
876,"P06_001","WL0086"
877,"P06_001","WL0087"
878,"P06_001","WL0088"
879,"P06_001","WL0089"
880,"P06_001","WL0090"
881,"P06_001","WL0091"
882,"P06_001","WL0092"
883,"P06_001","WL0093"
884,"P06_001","WL0094"
885,"P06_001","WL0095"
886,"P06_001","WL0096"
887,"P06_001","WL0097"
888,"P06_001","WL0098"
889,"P06_001","WL0099"
890,"P06_001","WL0100"
891,"P06_001","WL0101"
892,"P06_001","WL0102"
893,"P06_001","WL0103"
894,"P06_001","WL0104"
895,"P06_001","WL0105"
896,"P06_001","WL0106"
897,"P06_001","WL0108"
898,"P06_001","WL0109"
899,"P06_001","WL0110"
900,"P06_001","WL0111"
901,"P06_001","WL0112"
902,"P06_001","WL0113"
903,"P06_001","WL0114"
904,"P06_001","WL0115"
905,"P06_001","WL0116"
906,"P06_001","WL0117"
907,"P06_001","WL0118"
908,"P06_001","WL0119"
909,"P06_001","WL0120"
910,"P06_001","WL0121"
911,"P06_001","WL0122"
912,"P06_001","WL0123"
913,"P06_001","WL0124"
914,"P06_001","WL0125"
915,"P06_001","WL0126"
916,"P06_001","WL0127"
917,"P06_001","WL0128"
918,"P06_001","WL0129"
919,"P06_001","WL0130"
920,"P06_001","WL0131"
921,"P06_001","WL0132"
922,"P06_001","WL0133"
923,"P06_001","WL0134"
924,"P06_001","WL0135"
925,"P06_001","WL0136"
926,"P06_001","WL0137"
927,"P06_001","WL0138"
928,"P06_001","WL0139"
929,"P06_001","WL0140"
930,"P06_001","WL0141"
931,"P06_001","WL0142"
932,"P06_001","WL0143"
933,"P06_001","WL0144"
934,"P06_001","WL0145"
935,"P06_001","WL0146"
936,"P06_001","WL0147"
937,"P06_001","WL0148"
938,"P06_001","WL0149"
939,"P06_001","WL0150"
940,"P06_001","WL0151"
941,"P06_001","WL0152"
942,"P06_001","WL0153"
943,"P06_001","WL0154"
944,"P06_001","WL0155"
945,"P06_001","WL0156"
946,"P06_001","WL0157"
947,"P06_001","WL0158"
948,"P06_001","WL0159"
949,"P06_001","WL0160"
950,"P06_001","WL0161"
951,"P06_001","WL0162"
952,"P06_001","WL0163"
953,"P06_001","WL0164"
954,"P06_001","WL0165"
955,"P06_001","WL0166"
956,"P06_001","WL0167"
957,"P06_001","WL0168"
958,"P06_001","WL0170"
959,"P06_001","WL0171"
960,"P06_001","WL0172"
961,"P06_001","WL0173"
962,"P09_001","SP0310"
963,"P09_001","SP0312"
964,"P09_001","SP0314"
965,"P09_001","SP0315"
966,"P09_001","SP0318"
967,"P09_001","SP0319"
968,"P09_001","SP0321"
969,"P09_001","SP0322"
970,"P09_001","SP0324"
971,"P09_001","SP0331"
972,"P09_001","SP0428"
973,"P09_003","SP0086"
974,"P09_003","SP0090"
975,"P09_003","SP0093"
976,"P09_003","SP0098"
977,"P09_003","SP0102"
978,"P09_003","SP0103"
979,"P09_003","SP0105"
980,"P09_003","SP0109"
981,"P09_003","SP0110"
982,"P09_003","SP0111"
983,"P09_003","SP0113"
984,"P09_003","SP0114"
985,"P09_003","SP0120"
986,"P09_016","WL0324"
987,"P09_016","WL0325"
988,"P09_016","WL0326"
989,"P09_016","WL0328"
990,"P09_016","WL0330"
991,"P09_016","WL0332"
992,"P09_016","WL0335"
993,"P09_016","WL0337"
994,"P09_016","WL0338"
995,"P09_016","WL0339"
996,"P09_016","WL0341"
997,"P09_016","WL0342"
998,"P09_016","WL0343"
999,"P09_016","WL0344"
1000,"P09_016","WL0346"
1001,"P09_016","WL0348"
1002,"P09_016","WL0349"
1003,"P09_016","WL0359"
1004,"P09_016","WL0360"
1005,"P09_016","WL0362"
1006,"P09_016","WL0365"
1007,"P09_016","WL0369"
1008,"P09_016","WL0371"
1009,"P09_016","WL0375"
1010,"P09_016","WL0380"
1011,"P09_016","WL0383"
1012,"P09_016","WL0391"
1013,"P09_016","WL0395"
1014,"P09_016","WL0397"
1015,"P09_016","WL0407"
1016,"P09_016","WL0410"
1017,"P09_016","WL0411"
1018,"P09_016","WL0413"
1019,"P09_016","WL0420"
1020,"P09_016","WL0422"
1021,"P09_016","WL0427"
1022,"P09_016","WL0432"
1023,"P09_016","WL0451"
1024,"P09_016","WL0453"
1025,"P09_016","WL0455"
1026,"P09_016","WL0462"
1027,"P09_016","WL0463"
1028,"P09_016","WL0566"
1029,"P09_016","WL0567"
1030,"P09_016","WL0568"
1031,"P09_016","WL0571"
1032,"P09_016","WL0587"
1033,"P09_016","WL0588"
1034,"P09_016","WL0590"
1035,"P09_016","WL0591"
1036,"P09_016","WL0592"
1037,"P09_016","WL0593"
1038,"P09_016","WL0594"
1039,"P09_016","WL0595"
1040,"P09_016","WL0596"
1041,"P09_016","WL0597"
1042,"P09_016","WL0598"
1043,"P09_016","WL0623"
1044,"P09_017","WL0207"
1045,"P09_017","WL0208"
1046,"P09_017","WL0209"
1047,"P09_017","WL0212"
1048,"P09_017","WL0214"
1049,"P09_017","WL0215"
1050,"P09_017","WL0216"
1051,"P09_017","WL0218"
1052,"P09_017","WL0219"
1053,"P09_017","WL0220"
1054,"P09_017","WL0222"
1055,"P09_017","WL0225"
1056,"P09_017","WL0227"
1057,"P09_017","WL0228"
1058,"P09_017","WL0230"
1059,"P09_017","WL0232"
1060,"P09_017","WL0234"
1061,"P09_017","WL0235"
1062,"P09_017","WL0238"
1063,"P09_017","WL0239"
1064,"P09_017","WL0240"
1065,"P09_017","WL0241"
1066,"P09_017","WL0242"
1067,"P09_017","WL0244"
1068,"P09_017","WL0245"
1069,"P09_017","WL0246"
1070,"P09_017","WL0247"
1071,"P09_017","WL0248"
1072,"P09_017","WL0250"
1073,"P09_017","WL0251"
1074,"P09_017","WL0252"
1075,"P09_017","WL0253"
1076,"P09_017","WL0254"
1077,"P09_017","WL0255"
1078,"P09_017","WL0256"
1079,"P09_017","WL0257"
1080,"P09_017","WL0259"
1081,"P09_017","WL0260"
1082,"P09_017","WL0264"
1083,"P09_017","WL0266"
1084,"P09_017","WL0267"
1085,"P09_017","WL0268"
1086,"P09_017","WL0270"
1087,"P09_017","WL0271"
1088,"P09_017","WL0272"
1089,"P09_017","WL0273"
1090,"P09_017","WL0274"
1091,"P09_017","WL0275"
1092,"P09_017","WL0276"
1093,"P09_017","WL0278"
1094,"P09_017","WL0279"
1095,"P09_017","WL0283"
1096,"P09_017","WL0284"
1097,"P09_017","WL0286"
1098,"P09_017","WL0287"
1099,"P09_017","WL0288"
1100,"P09_017","WL0289"
1101,"P09_017","WL0290"
1102,"P09_017","WL0291"
1103,"P09_017","WL0293"
1104,"P09_017","WL0295"
1105,"P09_017","WL0301"
1106,"P09_004","SP0129"
1107,"P09_004","SP0130"
1108,"P09_004","SP0135"
1109,"P09_004","SP0137"
1110,"P09_004","SP0144"
1111,"P09_004","SP0146"
1112,"P09_004","SP0148"
1113,"P09_004","SP0150"
1114,"P09_004","SP0152"
1115,"P09_004","SP0157"
1116,"P09_004","SP0158"
1117,"P09_004","SP0159"
1118,"P09_004","SP0161"
1119,"P09_004","SP0164"
1120,"P09_004","SP0166"
1121,"P09_004","SP0167"
1122,"P09_004","SP0168"
1123,"P09_004","SP0169"
1124,"P09_004","SP0171"
1125,"P09_004","SP0172"
1126,"P09_004","SP0174"
1127,"P09_004","SP0177"
1128,"P09_004","SP0178"
1129,"P09_004","SP0180"
1130,"P09_004","SP0182"
1131,"P09_004","SP0183"
1132,"P09_004","SP0187"
1133,"P09_004","SP0188"
1134,"P09_004","SP0189"
1135,"P09_004","SP0191"
1136,"P09_004","SP0192"
1137,"P09_004","SP0193"
1138,"P09_004","SP0196"
1139,"P09_004","SP0197"
1140,"P09_004","SP0203"
1141,"P09_004","SP0204"
1142,"P09_004","SP0209"
1143,"P09_004","SP0212"
1144,"P09_004","SP0214"
1145,"P09_004","SP0215"
1146,"P09_004","SP0216"
1147,"P09_004","SP0224"
1148,"P09_004","SP0233"
1149,"P09_004","SP0242"
1150,"P09_004","SP0246"
1151,"P09_004","SP0249"
1152,"P09_004","SP0253"
1153,"P09_004","SP0255"
1154,"P09_004","SP0257"
1155,"P09_004","SP0259"
1156,"P09_004","SP0261"
1157,"P09_004","SP0264"
1158,"P09_004","SP0266"
1159,"P09_004","SP0267"
1160,"P09_004","SP0272"
1161,"P09_004","SP0275"
1162,"P09_004","SP0278"
1163,"P09_004","SP0279"
1164,"P09_004","SP0280"
1165,"P09_004","SP0282"
1166,"P09_004","SP0283"
1167,"P09_004","SP0288"
1168,"P09_004","SP0289"
1169,"P09_004","SP0293"
1170,"P09_004","SP0295"
1171,"P09_004","SP0298"
1172,"P09_004","SP0300"
1173,"P09_004","SP0301"
1174,"P09_004","SP0302"
1175,"P09_004","SP0304"
1176,"P09_004","SP0337"
1177,"P09_004","SP0398"
1178,"P09_004","SP0399"
1179,"P09_004","SP0400"
1180,"P09_004","SP0401"
1181,"P09_004","SP0402"
1182,"P09_004","SP0403"
1183,"P09_004","SP0404"
1184,"P09_004","SP0406"
1185,"P09_004","SP0407"
1186,"P09_004","SP0408"
1187,"P09_004","SP0409"
1188,"P09_004","SP0411"
1189,"P09_004","SP0419"
1190,"P09_004","SP0420"
1191,"P09_004","SP0423"
1192,"P09_004","SP0427"
1193,"P09_004","SP0429"
1194,"P09_004","SP0455"
1195,"P09_009","SP0205"
1196,"P09_009","SP0306"
1197,"P09_009","SP0309"
1198,"P09_009","SP0316"
1199,"P09_009","SP0436"
1200,"P09_009","SP0437"
1201,"P09_010","SP0139"
1202,"P09_010","SP0140"
1203,"P09_010","SP0141"
1204,"P09_010","SP0142"
1205,"P09_010","SP0145"
1206,"P09_010","SP0153"
1207,"P09_010","SP0155"
1208,"P09_010","SP0160"
1209,"P09_010","SP0162"
1210,"P09_010","SP0163"
1211,"P09_010","SP0165"
1212,"P09_010","SP0173"
1213,"P09_010","SP0175"
1214,"P09_010","SP0179"
1215,"P09_010","SP0181"
1216,"P09_010","SP0184"
1217,"P09_010","SP0185"
1218,"P09_010","SP0186"
1219,"P09_010","SP0194"
1220,"P09_010","SP0195"
1221,"P09_010","SP0198"
1222,"P09_010","SP0199"
1223,"P09_010","SP0201"
1224,"P09_010","SP0202"
1225,"P09_010","SP0206"
1226,"P09_010","SP0207"
1227,"P09_010","SP0208"
1228,"P09_010","SP0210"
1229,"P09_010","SP0211"
1230,"P09_010","SP0213"
1231,"P09_010","SP0217"
1232,"P09_010","SP0218"
1233,"P09_010","SP0219"
1234,"P09_010","SP0221"
1235,"P09_010","SP0222"
1236,"P09_010","SP0225"
1237,"P09_010","SP0226"
1238,"P09_010","SP0228"
1239,"P09_010","SP0229"
1240,"P09_010","SP0230"
1241,"P09_010","SP0231"
1242,"P09_010","SP0232"
1243,"P09_010","SP0234"
1244,"P09_010","SP0235"
1245,"P09_010","SP0236"
1246,"P09_010","SP0237"
1247,"P09_010","SP0238"
1248,"P09_010","SP0239"
1249,"P06_078","WL0557"
1250,"P06_079","WL0526"
1251,"P06_080","WL0617"
1252,"P06_081","HM0016"
1253,"P09_020","WL0041"
1254,"P09_020","WL0044"
1255,"P09_020","WL0045"
1256,"P09_020","WL0046"
1257,"P09_020","WL0048"
1258,"P09_020","WL0049"
1259,"P09_020","WL0050"
1260,"P09_020","WL0051"
1261,"P09_020","WL0053"
1262,"P09_020","WL0054"
1263,"P09_020","WL0056"
1264,"P09_020","WL0057"
1265,"P09_020","WL0562"
1266,"P09_020","WL0563"
1267,"P09_020","WL0572"
1268,"P09_020","WL0577"
1269,"P09_020","WL0578"
1270,"P09_020","WL0619"
1271,"P08_001","SP0145"
1272,"P08_001","SP0162"
1273,"P08_001","SP0167"
1274,"P08_001","SP0169"
1275,"P08_001","SP0183"
1276,"P08_001","SP0184"
1277,"P08_001","SP0192"
1278,"P08_001","SP0194"
1279,"P08_001","SP0197"
1280,"P08_001","SP0198"
1281,"P08_001","SP0200"
1282,"P08_001","SP0209"
1283,"P08_001","SP0212"
1284,"P08_001","SP0214"
1285,"P08_001","SP0215"
1286,"P08_001","SP0216"
1287,"P08_002","SP0145"
1288,"P08_002","SP0162"
1289,"P08_002","SP0167"
1290,"P08_002","SP0169"
1291,"P08_002","SP0183"
1292,"P08_002","SP0184"
1293,"P08_002","SP0192"
1294,"P08_002","SP0194"
1295,"P08_002","SP0197"
1296,"P08_002","SP0198"
1297,"P08_002","SP0200"
1298,"P08_002","SP0209"
1299,"P08_002","SP0212"
1300,"P08_002","SP0214"
1301,"P08_002","SP0215"
1302,"P08_002","SP0216"
1303,"P08_003","SP0145"
1304,"P08_003","SP0162"
1305,"P08_003","SP0167"
1306,"P08_003","SP0169"
1307,"P08_003","SP0183"
1308,"P08_003","SP0184"
1309,"P08_003","SP0192"
1310,"P08_003","SP0194"
1311,"P08_003","SP0197"
1312,"P08_003","SP0198"
1313,"P08_003","SP0200"
1314,"P08_003","SP0209"
1315,"P08_003","SP0212"
1316,"P08_003","SP0214"
1317,"P08_003","SP0215"
1318,"P08_003","SP0216"
1319,"P08_004","SP0145"
1320,"P08_004","SP0162"
1321,"P08_004","SP0167"
1322,"P08_004","SP0169"
1323,"P08_004","SP0183"
1324,"P08_004","SP0184"
1325,"P08_004","SP0192"
1326,"P08_004","SP0194"
1327,"P08_004","SP0197"
1328,"P08_004","SP0198"
1329,"P08_004","SP0200"
1330,"P08_004","SP0209"
1331,"P08_004","SP0212"
1332,"P08_004","SP0214"
1333,"P08_004","SP0215"
1334,"P08_004","SP0216"
1335,"P08_005","SP0145"
1336,"P08_005","SP0162"
1337,"P08_005","SP0167"
1338,"P08_005","SP0169"
1339,"P08_005","SP0183"
1340,"P08_005","SP0184"
1341,"P08_005","SP0192"
1342,"P08_005","SP0194"
1343,"P08_005","SP0197"
1344,"P08_005","SP0198"
1345,"P08_005","SP0200"
1346,"P08_005","SP0209"
1347,"P08_005","SP0212"
1348,"P08_005","SP0214"
1349,"P08_005","SP0215"
1350,"P08_005","SP0216"
1351,"P08_006","SP0145"
1352,"P08_007","SP0145"
1353,"P08_007","SP0162"
1354,"P08_007","SP0167"
1355,"P08_007","SP0169"
1356,"P08_007","SP0183"
1357,"P08_007","SP0184"
1358,"P08_007","SP0192"
1359,"P08_007","SP0194"
1360,"P08_007","SP0197"
1361,"P08_007","SP0198"
1362,"P08_007","SP0200"
1363,"P08_007","SP0209"
1364,"P08_007","SP0212"
1365,"P08_007","SP0214"
1366,"P08_007","SP0215"
1367,"P08_007","SP0216"
1368,"P08_008","SP0145"
1369,"P08_008","SP0162"
1370,"P07_014","SP0209"
1371,"P07_014","SP0212"
1372,"P07_014","SP0214"
1373,"P07_014","SP0215"
1374,"P07_014","SP0216"
1375,"P07_015","SP0145"
1376,"P07_015","SP0162"
1377,"P07_015","SP0167"
1378,"P07_015","SP0169"
1379,"P07_015","SP0183"
1380,"P07_015","SP0184"
1381,"P07_015","SP0192"
1382,"P07_015","SP0194"
1383,"P07_015","SP0197"
1384,"P07_015","SP0198"
1385,"P07_015","SP0200"
1386,"P07_015","SP0209"
1387,"P07_015","SP0212"
1388,"P07_015","SP0214"
1389,"P07_015","SP0215"
1390,"P07_015","SP0216"
1391,"P06_001","HM0001"
1392,"P06_001","HM0002"
1393,"P06_001","HM0003"
1394,"P06_001","HM0004"
1395,"P06_001","HM0005"
1396,"P06_001","HM0006"
1397,"P06_001","HM0014"
1398,"P06_001","HM0015"
1399,"P06_001","HM0016"
1400,"P06_001","HM0017"
1401,"P06_001","HM0018"
1402,"P06_001","HM0019"
1403,"P06_001","HM0020"
1404,"P06_001","HM0021"
1405,"P06_001","PL0041"
1406,"P06_001","SP0008"
1407,"P06_001","SP0026"
1408,"P06_001","SP0037"
1409,"P06_001","SP0049"
1410,"P06_001","SP0057"
1411,"P06_001","SP0067"
1412,"P06_001","SP0075"
1413,"P06_001","SP0076"
1414,"P06_001","SP0077"
1415,"P06_001","SP0079"
1416,"P06_001","SP0081"
1417,"P06_001","SP0087"
1418,"P06_001","SP0088"
1419,"P06_001","SP0097"
1420,"P06_001","SP0101"
1421,"P06_001","SP0112"
1422,"P06_001","SP0115"
1423,"P06_001","SP0117"
1424,"P06_001","SP0118"
1425,"P06_001","SP0119"
1426,"P06_001","SP0121"
1427,"P06_001","SP0122"
1428,"P06_001","SP0123"
1429,"P06_001","SP0124"
1430,"P06_001","SP0125"
1431,"P06_001","SP0126"
1432,"P06_001","SP0127"
1433,"P06_001","SP0128"
1434,"P06_001","SP0129"
1435,"P06_001","SP0130"
1436,"P06_001","SP0131"
1437,"P06_001","SP0133"
1438,"P06_001","SP0135"
1439,"P06_001","SP0136"
1440,"P06_001","SP0137"
1441,"P06_001","SP0139"
1442,"P06_001","SP0140"
1443,"P06_001","SP0141"
1444,"P06_001","SP0142"
1445,"P06_001","SP0143"
1446,"P06_001","SP0144"
1447,"P06_001","SP0145"
1448,"P06_001","SP0146"
1449,"P06_001","SP0147"
1450,"P06_001","SP0148"
1451,"P06_001","SP0150"
1452,"P06_001","SP0152"
1453,"P06_001","SP0153"
1454,"P06_001","SP0154"
1455,"P06_001","SP0155"
1456,"P06_001","SP0157"
1457,"P09_016","WL0307"
1458,"P09_016","WL0308"
1459,"P09_016","WL0311"
1460,"P09_016","WL0312"
1461,"P09_016","WL0313"
1462,"P09_016","WL0315"
1463,"P09_016","WL0316"
1464,"P09_016","WL0317"
1465,"P09_016","WL0319"
1466,"P09_017","WL0303"
1467,"P09_017","WL0309"
1468,"P09_017","WL0310"
1469,"P09_017","WL0314"
1470,"P09_017","WL0318"
1471,"P09_017","WL0319"
1472,"P09_017","WL0320"
1473,"P09_017","WL0321"
1474,"P09_017","WL0322"
1475,"P09_017","WL0325"
1476,"P09_017","WL0327"
1477,"P09_017","WL0329"
1478,"P09_017","WL0331"
1479,"P09_017","WL0333"
1480,"P09_017","WL0339"
1481,"P09_017","WL0340"
1482,"P09_017","WL0345"
1483,"P09_017","WL0347"
1484,"P09_017","WL0350"
1485,"P09_017","WL0351"
1486,"P09_017","WL0352"
1487,"P09_017","WL0353"
1488,"P09_017","WL0354"
1489,"P09_017","WL0355"
1490,"P09_017","WL0357"
1491,"P09_017","WL0363"
1492,"P09_017","WL0364"
1493,"P09_017","WL0366"
1494,"P09_017","WL0367"
1495,"P09_017","WL0368"
1496,"P09_017","WL0370"
1497,"P09_017","WL0372"
1498,"P09_017","WL0373"
1499,"P09_017","WL0377"
1500,"P09_017","WL0379"
1501,"P09_017","WL0381"
1502,"P09_017","WL0382"
1503,"P09_017","WL0384"
1504,"P09_017","WL0385"
1505,"P09_017","WL0386"
1506,"P09_017","WL0387"
1507,"P09_017","WL0388"
1508,"P09_017","WL0390"
1509,"P09_017","WL0392"
1510,"P09_017","WL0393"
1511,"P09_017","WL0394"
1512,"P09_017","WL0398"
1513,"P09_017","WL0399"
1514,"P09_017","WL0401"
1515,"P09_017","WL0405"
1516,"P09_017","WL0408"
1517,"P09_017","WL0411"
1518,"P09_017","WL0412"
1519,"P09_017","WL0416"
1520,"P09_017","WL0418"
1521,"P09_017","WL0419"
1522,"P09_017","WL0422"
1523,"P09_017","WL0423"
1524,"P09_017","WL0599"
1525,"P09_017","WL0600"
1526,"P09_017","WL0601"
1527,"P09_017","WL0602"
1528,"P09_017","WL0603"
1529,"P09_017","WL0604"
1530,"P09_017","WL0605"
1531,"P09_017","WL0618"
1532,"P09_018","WL0046"
1533,"P09_018","WL0048"
1534,"P09_018","WL0049"
1535,"P09_018","WL0050"
1536,"P09_018","WL0051"
1537,"P09_018","WL0052"
1538,"P09_018","WL0053"
1539,"P09_018","WL0054"
1540,"P09_018","WL0056"
1541,"P09_018","WL0057"
1542,"P09_018","WL0058"
1543,"P09_018","WL0059"
1544,"P09_018","WL0060"
1545,"P09_018","WL0062"
1546,"P09_018","WL0064"
1547,"P09_018","WL0066"
1548,"P09_018","WL0067"
1549,"P09_018","WL0070"
1550,"P09_018","WL0071"
1551,"P09_018","WL0075"
1552,"P09_018","WL0076"
1553,"P09_018","WL0077"
1554,"P09_018","WL0078"
1555,"P09_018","WL0079"
1556,"P09_018","WL0082"
1557,"P09_018","WL0086"
1558,"P09_018","WL0089"
1559,"P09_018","WL0090"
1560,"P09_018","WL0096"
1561,"P09_018","WL0099"
1562,"P09_018","WL0103"
1563,"P09_018","WL0111"
1564,"P09_018","WL0117"
1565,"P09_018","WL0119"
1566,"P09_018","WL0120"
1567,"P09_018","WL0122"
1568,"P09_018","WL0123"
1569,"P09_018","WL0124"
1570,"P09_018","WL0126"
1571,"P09_018","WL0127"
1572,"P09_018","WL0128"
1573,"P09_018","WL0129"
1574,"P09_018","WL0130"
1575,"P09_018","WL0131"
1576,"P09_018","WL0132"
1577,"P09_018","WL0133"
1578,"P09_018","WL0134"
1579,"P09_018","WL0135"
1580,"P09_018","WL0136"
1581,"P09_018","WL0137"
1582,"P09_018","WL0138"
1583,"P09_018","WL0139"
1584,"P09_018","WL0140"
1585,"P09_018","WL0141"
1586,"P09_018","WL0142"
1587,"P09_018","WL0144"
1588,"P09_018","WL0146"
1589,"P09_018","WL0147"
1590,"P09_018","WL0148"
1591,"P09_018","WL0149"
1592,"P09_018","WL0150"
1593,"P09_018","WL0151"
1594,"P09_018","WL0152"
1595,"P09_018","WL0154"
1596,"P09_018","WL0155"
1597,"P09_018","WL0156"
1598,"P09_018","WL0157"
1599,"P09_018","WL0158"
1600,"P09_018","WL0161"
1601,"P09_018","WL0163"
1602,"P09_018","WL0164"
1603,"P09_018","WL0165"
1604,"P09_018","WL0166"
1605,"P09_018","WL0167"
1606,"P09_018","WL0168"
1607,"P09_018","WL0170"
1608,"P09_018","WL0171"
1609,"P09_018","WL0173"
1610,"P09_018","WL0174"
1611,"P09_018","WL0178"
1612,"P09_018","WL0180"
1613,"P09_018","WL0181"
1614,"P09_018","WL0184"
1615,"P09_018","WL0185"
1616,"P09_018","WL0186"
1617,"P09_018","WL0188"
1618,"P09_018","WL0189"
1619,"P09_018","WL0191"
1620,"P09_018","WL0193"
1621,"P09_018","WL0196"
1622,"P09_018","WL0198"
1623,"P09_018","WL0199"
1624,"P09_018","WL0563"
1625,"P09_018","WL0564"
1626,"P09_018","WL0565"
1627,"P09_018","WL0569"
1628,"P09_018","WL0570"
1629,"P09_018","WL0572"
1630,"P09_018","WL0573"
1631,"P09_018","WL0576"
1632,"P09_018","WL0580"
1633,"P09_018","WL0581"
1634,"P09_018","WL0582"
1635,"P09_018","WL0583"
1636,"P09_018","WL0584"
1637,"P09_018","WL0586"
1638,"P09_018","WL0620"
1639,"P09_018","WL0621"
1640,"P09_019","WL0003"
1641,"P09_019","WL0004"
1642,"P09_019","WL0006"
1643,"P09_019","WL0007"
1644,"P09_019","WL0009"
1645,"P09_019","WL0010"
1646,"P09_019","WL0012"
1647,"P09_019","WL0013"
1648,"P09_019","WL0014"
1649,"P09_019","WL0015"
1650,"P09_019","WL0017"
1651,"P09_019","WL0018"
1652,"P09_019","WL0019"
1653,"P09_019","WL0020"
1654,"P09_019","WL0022"
1655,"P09_019","WL0023"
1656,"P09_019","WL0025"
1657,"P09_019","WL0026"
1658,"P09_019","WL0027"
1659,"P09_019","WL0029"
1660,"P09_019","WL0030"
1661,"P09_019","WL0035"
1662,"P09_019","WL0039"
1663,"P09_019","WL0040"
1664,"P09_019","WL0041"
1665,"P09_019","WL0044"
1666,"P09_019","WL0045"
1667,"P09_019","WL0046"
1668,"P09_019","WL0048"
1669,"P09_019","WL0049"
1670,"P09_019","WL0050"
1671,"P09_019","WL0051"
1672,"P09_019","WL0053"
1673,"P09_019","WL0054"
1674,"P09_019","WL0056"
1675,"P09_019","WL0057"
1676,"P09_019","WL0562"
1677,"P09_019","WL0563"
1678,"P09_019","WL0572"
1679,"P09_019","WL0577"
1680,"P09_019","WL0578"
1681,"P09_019","WL0619"
1682,"P09_020","WL0003"
1683,"P09_020","WL0004"
1684,"P09_020","WL0006"
1685,"P09_020","WL0007"
1686,"P09_020","WL0009"
1687,"P09_020","WL0010"
1688,"P09_020","WL0012"
1689,"P09_020","WL0013"
1690,"P09_020","WL0014"
1691,"P09_020","WL0015"
1692,"P09_020","WL0017"
1693,"P09_020","WL0018"
1694,"P09_020","WL0019"
1695,"P09_020","WL0020"
1696,"P09_020","WL0022"
1697,"P09_020","WL0023"
1698,"P09_020","WL0025"
1699,"P09_020","WL0026"
1700,"P09_020","WL0027"
1701,"P09_020","WL0029"
1702,"P09_020","WL0030"
1703,"P09_020","WL0035"
1704,"P09_020","WL0039"
1705,"P09_020","WL0040"
1706,"P06_001","WL0174"
1707,"P06_001","WL0175"
1708,"P06_001","WL0176"
1709,"P06_001","WL0177"
1710,"P06_001","WL0178"
1711,"P06_001","WL0179"
1712,"P06_001","WL0180"
1713,"P06_001","WL0181"
1714,"P06_001","WL0182"
1715,"P06_001","WL0183"
1716,"P06_001","WL0184"
1717,"P06_001","WL0185"
1718,"P06_001","WL0186"
1719,"P06_001","WL0187"
1720,"P06_001","WL0188"
1721,"P06_001","WL0189"
1722,"P06_001","WL0190"
1723,"P06_001","WL0191"
1724,"P06_001","WL0192"
1725,"P06_001","WL0193"
1726,"P06_001","WL0194"
1727,"P06_001","WL0195"
1728,"P06_001","WL0196"
1729,"P06_001","WL0197"
1730,"P06_001","WL0198"
1731,"P06_001","WL0199"
1732,"P06_001","WL0200"
1733,"P06_001","WL0201"
1734,"P06_001","WL0202"
1735,"P06_001","WL0203"
1736,"P06_001","WL0204"
1737,"P06_001","WL0205"
1738,"P06_001","WL0206"
1739,"P06_001","WL0207"
1740,"P06_001","WL0208"
1741,"P06_001","WL0209"
1742,"P06_001","WL0210"
1743,"P06_001","WL0211"
1744,"P06_001","WL0212"
1745,"P06_001","WL0213"
1746,"P06_001","WL0214"
1747,"P06_001","WL0215"
1748,"P06_001","WL0216"
1749,"P06_001","WL0217"
1750,"P06_001","WL0218"
1751,"P06_001","WL0219"
1752,"P06_001","WL0220"
1753,"P06_001","WL0221"
1754,"P06_001","WL0222"
1755,"P06_001","WL0223"
1756,"P06_001","WL0224"
1757,"P06_001","WL0225"
1758,"P06_001","WL0226"
1759,"P06_001","WL0227"
1760,"P06_001","WL0228"
1761,"P06_001","WL0229"
1762,"P06_001","WL0230"
1763,"P06_001","WL0231"
1764,"P06_001","WL0232"
1765,"P06_001","WL0233"
1766,"P06_001","WL0234"
1767,"P06_001","WL0235"
1768,"P06_001","WL0236"
1769,"P06_001","WL0237"
1770,"P06_001","WL0238"
1771,"P06_001","WL0239"
1772,"P06_001","WL0240"
1773,"P06_001","WL0241"
1774,"P06_001","WL0242"
1775,"P06_001","WL0243"
1776,"P06_001","WL0244"
1777,"P06_001","WL0245"
1778,"P06_001","WL0246"
1779,"P06_001","WL0247"
1780,"P06_001","WL0248"
1781,"P06_001","WL0249"
1782,"P06_001","WL0250"
1783,"P06_001","WL0251"
1784,"P06_001","WL0252"
1785,"P06_001","WL0253"
1786,"P06_001","WL0254"
1787,"P06_001","WL0255"
1788,"P06_001","WL0256"
1789,"P06_001","WL0257"
1790,"P06_001","WL0258"
1791,"P06_001","WL0259"
1792,"P06_001","WL0260"
1793,"P06_001","WL0261"
1794,"P06_001","WL0262"
1795,"P06_001","WL0263"
1796,"P06_001","WL0264"
1797,"P06_001","WL0265"
1798,"P06_001","WL0266"
1799,"P06_001","WL0267"
1800,"P06_001","WL0268"
1801,"P06_001","WL0269"
1802,"P06_001","WL0270"
1803,"P06_001","WL0271"
1804,"P06_001","WL0272"
1805,"P06_001","WL0273"
1806,"P06_001","WL0274"
1807,"P06_001","WL0275"
1808,"P06_001","WL0276"
1809,"P06_001","WL0277"
1810,"P06_001","WL0278"
1811,"P06_001","WL0279"
1812,"P06_001","WL0280"
1813,"P06_001","WL0281"
1814,"P06_001","WL0282"
1815,"P06_001","WL0283"
1816,"P06_001","WL0284"
1817,"P06_001","WL0285"
1818,"P06_001","WL0286"
1819,"P06_001","WL0287"
1820,"P06_001","WL0288"
1821,"P06_001","WL0289"
1822,"P06_001","WL0290"
1823,"P06_001","WL0291"
1824,"P06_001","WL0292"
1825,"P06_001","WL0293"
1826,"P06_001","WL0294"
1827,"P06_001","WL0295"
1828,"P06_001","WL0296"
1829,"P06_001","WL0297"
1830,"P06_001","WL0298"
1831,"P06_001","WL0299"
1832,"P06_001","WL0300"
1833,"P06_001","WL0301"
1834,"P06_001","WL0302"
1835,"P06_001","WL0303"
1836,"P06_001","WL0304"
1837,"P06_001","WL0305"
1838,"P06_001","WL0306"
1839,"P06_001","WL0307"
1840,"P06_001","WL0308"
1841,"P06_001","WL0309"
1842,"P06_001","WL0310"
1843,"P06_001","WL0311"
1844,"P06_001","WL0312"
1845,"P06_001","WL0313"
1846,"P06_001","WL0314"
1847,"P06_001","WL0315"
1848,"P06_001","WL0316"
1849,"P06_001","WL0317"
1850,"P06_001","WL0318"
1851,"P06_001","WL0319"
1852,"P06_001","WL0320"
1853,"P06_001","WL0321"
1854,"P06_001","WL0322"
1855,"P06_001","WL0323"
1856,"P06_001","WL0324"
1857,"P06_001","WL0325"
1858,"P06_001","WL0326"
1859,"P06_001","WL0327"
1860,"P06_001","WL0328"
1861,"P06_001","WL0329"
1862,"P06_001","WL0330"
1863,"P06_001","WL0331"
1864,"P06_001","WL0332"
1865,"P06_001","WL0333"
1866,"P06_001","WL0334"
1867,"P06_001","WL0335"
1868,"P06_001","WL0336"
1869,"P06_001","WL0337"
1870,"P06_001","WL0338"
1871,"P06_001","WL0339"
1872,"P06_001","WL0340"
1873,"P06_001","WL0341"
1874,"P06_001","WL0342"
1875,"P06_001","WL0343"
1876,"P06_001","WL0344"
1877,"P06_001","WL0345"
1878,"P06_001","WL0346"
1879,"P06_001","WL0347"
1880,"P06_001","WL0348"
1881,"P06_001","WL0349"
1882,"P06_001","WL0350"
1883,"P06_001","WL0351"
1884,"P06_001","WL0352"
1885,"P06_001","WL0353"
1886,"P06_001","WL0354"
1887,"P06_001","WL0355"
1888,"P06_001","WL0356"
1889,"P06_001","WL0357"
1890,"P06_001","WL0358"
1891,"P06_001","WL0359"
1892,"P06_001","WL0360"
1893,"P06_001","WL0361"
1894,"P06_001","WL0362"
1895,"P06_001","WL0363"
1896,"P06_001","WL0364"
1897,"P06_001","WL0365"
1898,"P06_001","WL0366"
1899,"P06_001","WL0367"
1900,"P06_001","WL0368"
1901,"P06_001","WL0369"
1902,"P06_001","WL0370"
1903,"P06_001","WL0371"
1904,"P06_001","WL0372"
1905,"P06_001","WL0373"
1906,"P06_001","WL0374"
1907,"P06_001","WL0375"
1908,"P06_001","WL0376"
1909,"P06_001","WL0377"
1910,"P06_001","WL0378"
1911,"P06_001","WL0379"
1912,"P06_001","WL0380"
1913,"P06_001","WL0381"
1914,"P06_001","WL0382"
1915,"P06_001","WL0383"
1916,"P06_001","WL0384"
1917,"P06_001","WL0385"
1918,"P06_001","WL0386"
1919,"P06_001","WL0387"
1920,"P06_001","WL0388"
1921,"P06_001","WL0389"
1922,"P06_001","WL0390"
1923,"P06_001","WL0391"
1924,"P06_001","WL0392"
1925,"P06_001","WL0393"
1926,"P06_001","WL0394"
1927,"P06_001","WL0395"
1928,"P06_001","WL0396"
1929,"P06_001","WL0397"
1930,"P06_001","WL0398"
1931,"P06_001","WL0399"
1932,"P06_001","WL0400"
1933,"P06_001","WL0401"
1934,"P06_001","WL0402"
1935,"P06_001","WL0403"
1936,"P06_001","WL0404"
1937,"P06_001","WL0405"
1938,"P06_001","WL0406"
1939,"P06_001","WL0407"
1940,"P06_001","WL0408"
1941,"P06_001","WL0409"
1942,"P06_001","WL0410"
1943,"P06_001","WL0411"
1944,"P06_001","WL0412"
1945,"P06_001","WL0413"
1946,"P06_001","WL0414"
1947,"P06_001","WL0415"
1948,"P06_001","WL0416"
1949,"P06_001","WL0417"
1950,"P06_001","WL0418"
1951,"P06_001","WL0419"
1952,"P06_001","WL0420"
1953,"P06_001","WL0421"
1954,"P06_001","WL0422"
1955,"P06_001","WL0423"
1956,"P06_001","WL0424"
1957,"P06_001","WL0425"
1958,"P06_001","WL0426"
1959,"P06_001","WL0427"
1960,"P06_001","WL0428"
1961,"P06_001","WL0429"
1962,"P06_001","WL0431"
1963,"P06_001","WL0432"
1964,"P06_001","WL0433"
1965,"P06_001","WL0434"
1966,"P06_001","WL0435"
1967,"P06_001","WL0436"
1968,"P06_001","WL0438"
1969,"P06_001","WL0439"
1970,"P06_001","WL0440"
1971,"P06_001","WL0441"
1972,"P06_001","WL0442"
1973,"P06_001","WL0443"
1974,"P06_001","WL0444"
1975,"P06_001","WL0445"
1976,"P06_001","WL0446"
1977,"P06_001","WL0447"
1978,"P06_001","WL0448"
1979,"P06_001","WL0450"
1980,"P06_001","WL0451"
1981,"P06_001","WL0452"
1982,"P06_001","WL0453"
1983,"P06_001","WL0454"
1984,"P06_001","WL0455"
1985,"P06_001","WL0456"
1986,"P06_001","WL0457"
1987,"P06_001","WL0458"
1988,"P06_001","WL0459"
1989,"P06_001","WL0460"
1990,"P06_001","WL0461"
1991,"P06_001","WL0462"
1992,"P06_001","WL0463"
1993,"P06_001","WL0464"
1994,"P06_001","WL0465"
1995,"P06_001","WL0466"
1996,"P06_001","WL0467"
1997,"P06_001","WL0468"
1998,"P06_001","WL0469"
1999,"P06_001","WL0470"
2000,"P06_001","WL0471"
2001,"P06_001","WL0473"
2002,"P06_001","WL0474"
2003,"P06_001","WL0475"
2004,"P06_001","WL0476"
2005,"P06_001","WL0477"
2006,"P06_001","WL0478"
2007,"P06_001","WL0479"
2008,"P06_001","WL0480"
2009,"P06_001","WL0481"
2010,"P06_001","WL0482"
2011,"P06_001","WL0483"
2012,"P06_001","WL0484"
2013,"P06_001","WL0485"
2014,"P06_001","WL0486"
2015,"P06_001","WL0487"
2016,"P06_001","WL0488"
2017,"P06_001","WL0489"
2018,"P06_001","WL0490"
2019,"P06_001","WL0491"
2020,"P06_001","WL0492"
2021,"P06_001","WL0493"
2022,"P06_001","WL0494"
2023,"P06_001","WL0495"
2024,"P06_001","WL0496"
2025,"P06_001","WL0497"
2026,"P06_001","WL0498"
2027,"P06_001","WL0500"
2028,"P06_001","WL0501"
2029,"P06_001","WL0502"
2030,"P06_001","WL0503"
2031,"P06_001","WL0504"
2032,"P06_001","WL0505"
2033,"P06_001","WL0506"
2034,"P06_001","WL0507"
2035,"P06_001","WL0508"
2036,"P06_001","WL0509"
2037,"P06_001","WL0510"
2038,"P06_001","WL0511"
2039,"P06_001","WL0512"
2040,"P06_001","WL0513"
2041,"P06_001","WL0514"
2042,"P06_001","WL0515"
2043,"P06_001","WL0516"
2044,"P06_001","WL0517"
2045,"P06_001","WL0518"
2046,"P06_001","WL0519"
2047,"P06_001","WL0520"
2048,"P06_001","WL0521"
2049,"P06_001","WL0522"
2050,"P06_001","WL0523"
2051,"P06_001","WL0525"
2052,"P06_001","WL0526"
2053,"P06_001","WL0527"
2054,"P06_001","WL0528"
2055,"P06_001","WL0529"
2056,"P06_001","WL0530"
2057,"P06_001","WL0531"
2058,"P06_001","WL0532"
2059,"P06_001","WL0533"
2060,"P06_001","WL0535"
2061,"P06_001","WL0536"
2062,"P06_001","WL0537"
2063,"P06_001","WL0538"
2064,"P06_001","WL0539"
2065,"P06_001","WL0540"
2066,"P06_001","WL0541"
2067,"P06_001","WL0542"
2068,"P06_001","WL0543"
2069,"P06_001","WL0544"
2070,"P06_001","WL0545"
2071,"P06_001","WL0546"
2072,"P06_001","WL0547"
2073,"P06_001","WL0548"
2074,"P06_001","WL0549"
2075,"P06_001","WL0550"
2076,"P06_001","WL0551"
2077,"P06_001","WL0552"
2078,"P06_001","WL0553"
2079,"P06_001","WL0554"
2080,"P06_001","WL0555"
2081,"P06_001","WL0556"
2082,"P06_001","WL0557"
2083,"P06_001","WL0558"
2084,"P06_001","WL0559"
2085,"P06_001","WL0560"
2086,"P06_001","WL0561"
2087,"P06_001","WL0562"
2088,"P06_001","WL0563"
2089,"P06_001","WL0564"
2090,"P06_001","WL0565"
2091,"P06_001","WL0566"
2092,"P06_001","WL0567"
2093,"P06_001","WL0568"
2094,"P06_001","WL0569"
2095,"P06_001","WL0570"
2096,"P06_001","WL0571"
2097,"P06_001","WL0572"
2098,"P06_001","WL0573"
2099,"P06_001","WL0575"
2100,"P06_001","WL0576"
2101,"P06_001","WL0577"
2102,"P06_001","WL0578"
2103,"P06_001","WL0579"
2104,"P06_001","WL0580"
2105,"P06_001","WL0581"
2106,"P06_001","WL0582"
2107,"P06_001","WL0583"
2108,"P06_001","WL0584"
2109,"P06_001","WL0585"
2110,"P06_001","WL0586"
2111,"P06_001","WL0587"
2112,"P06_001","WL0588"
2113,"P06_001","WL0589"
2114,"P06_001","WL0590"
2115,"P06_001","WL0591"
2116,"P06_001","WL0592"
2117,"P06_001","WL0593"
2118,"P06_001","WL0594"
2119,"P06_001","WL0595"
2120,"P06_001","WL0596"
2121,"P06_001","WL0597"
2122,"P06_001","WL0598"
2123,"P06_001","WL0599"
2124,"P06_001","WL0600"
2125,"P06_001","WL0601"
2126,"P06_001","WL0602"
2127,"P06_001","WL0603"
2128,"P06_001","WL0604"
2129,"P06_001","WL0605"
2130,"P06_001","WL0607"
2131,"P06_001","WL0608"
2132,"P06_001","WL0609"
2133,"P06_001","WL0610"
2134,"P06_001","WL0611"
2135,"P06_001","WL0612"
2136,"P06_001","WL0613"
2137,"P06_001","WL0614"
2138,"P06_001","WL0615"
2139,"P06_001","WL0616"
2140,"P06_001","WL0617"
2141,"P06_001","WL0618"
2142,"P06_001","WL0619"
2143,"P06_001","WL0620"
2144,"P06_001","WL0621"
2145,"P06_001","WL0622"
2146,"P06_001","WL0623"
2147,"P06_001","WL0624"
2148,"P06_002","HM0001"
2149,"P06_002","HM0002"
2150,"P06_002","HM0003"
2151,"P06_002","HM0004"
2152,"P06_002","HM0005"
2153,"P06_002","HM0006"
2154,"P06_002","HM0014"
2155,"P06_002","HM0015"
2156,"P06_002","HM0016"
2157,"P06_002","HM0017"
2158,"P06_002","HM0018"
2159,"P06_002","HM0019"
2160,"P06_002","HM0020"
2161,"P06_002","HM0021"
2162,"P06_002","PL0041"
2163,"P06_002","SP0008"
2164,"P06_002","SP0026"
2165,"P06_002","SP0037"
2166,"P06_002","SP0049"
2167,"P06_002","SP0057"
2168,"P06_002","SP0067"
2169,"P06_002","SP0075"
2170,"P06_002","SP0076"
2171,"P06_002","SP0077"
2172,"P06_002","SP0079"
2173,"P06_002","SP0081"
2174,"P06_002","SP0087"
2175,"P06_002","SP0088"
2176,"P06_002","SP0097"
2177,"P06_002","SP0101"
2178,"P06_002","SP0112"
2179,"P06_002","SP0115"
2180,"P06_002","SP0117"
2181,"P06_002","SP0118"
2182,"P06_002","SP0119"
2183,"P06_002","SP0121"
2184,"P06_002","SP0122"
2185,"P06_002","SP0123"
2186,"P06_002","SP0124"
2187,"P06_002","SP0125"
2188,"P06_002","SP0126"
2189,"P06_002","SP0127"
2190,"P06_002","SP0128"
2191,"P06_002","SP0129"
2192,"P06_002","SP0130"
2193,"P06_002","SP0131"
2194,"P06_002","SP0133"
2195,"P06_002","SP0135"
2196,"P06_002","SP0136"
2197,"P06_002","SP0137"
2198,"P06_002","SP0139"
2199,"P06_002","SP0140"
2200,"P06_002","SP0141"
2201,"P06_002","SP0142"
2202,"P06_002","SP0143"
2203,"P06_002","SP0144"
2204,"P06_002","SP0145"
2205,"P06_002","SP0146"
2206,"P06_002","SP0147"
2207,"P06_002","SP0148"
2208,"P06_002","SP0150"
2209,"P06_002","SP0152"
2210,"P06_002","SP0153"
2211,"P06_002","SP0154"
2212,"P06_002","SP0155"
2213,"P06_002","SP0157"
2214,"P06_002","SP0158"
2215,"P06_002","SP0159"
2216,"P06_002","SP0160"
2217,"P06_002","SP0161"
2218,"P06_002","SP0162"
2219,"P06_002","SP0163"
2220,"P06_002","SP0164"
2221,"P06_002","SP0165"
2222,"P06_002","SP0166"
2223,"P06_002","SP0167"
2224,"P06_002","SP0168"
2225,"P06_002","SP0169"
2226,"P06_002","SP0171"
2227,"P06_002","SP0172"
2228,"P06_002","SP0173"
2229,"P06_002","SP0174"
2230,"P06_002","SP0175"
2231,"P06_002","SP0177"
2232,"P06_002","SP0178"
2233,"P06_002","SP0179"
2234,"P06_002","SP0180"
2235,"P06_002","SP0181"
2236,"P06_002","SP0182"
2237,"P06_002","SP0183"
2238,"P06_002","SP0184"
2239,"P06_002","SP0185"
2240,"P06_002","SP0186"
2241,"P06_002","SP0187"
2242,"P06_002","SP0188"
2243,"P06_002","SP0189"
2244,"P06_002","SP0190"
2245,"P06_002","SP0191"
2246,"P06_002","SP0192"
2247,"P06_002","SP0193"
2248,"P06_002","SP0194"
2249,"P06_002","SP0195"
2250,"P06_002","SP0196"
2251,"P06_002","SP0197"
2252,"P06_002","SP0198"
2253,"P06_002","SP0199"
2254,"P06_002","SP0200"
2255,"P06_002","SP0201"
2256,"P06_002","SP0202"
2257,"P06_002","SP0203"
2258,"P06_002","SP0204"
2259,"P06_002","SP0205"
2260,"P06_002","SP0206"
2261,"P06_002","SP0207"
2262,"P06_002","SP0208"
2263,"P06_002","SP0209"
2264,"P06_002","SP0210"
2265,"P06_002","SP0211"
2266,"P06_002","SP0212"
2267,"P06_002","SP0213"
2268,"P06_002","SP0214"
2269,"P06_002","SP0215"
2270,"P06_002","SP0216"
2271,"P06_002","SP0217"
2272,"P06_002","SP0218"
2273,"P06_002","SP0219"
2274,"P06_002","SP0221"
2275,"P06_002","SP0222"
2276,"P06_002","SP0223"
2277,"P06_002","SP0224"
2278,"P06_002","SP0225"
2279,"P06_002","SP0226"
2280,"P06_002","SP0228"
2281,"P06_002","SP0229"
2282,"P06_002","SP0230"
2283,"P06_002","SP0231"
2284,"P06_002","SP0232"
2285,"P06_002","SP0233"
2286,"P06_002","SP0234"
2287,"P06_002","SP0235"
2288,"P06_002","SP0236"
2289,"P06_002","SP0237"
2290,"P06_002","SP0238"
2291,"P06_002","SP0239"
2292,"P06_002","SP0240"
2293,"P06_002","SP0241"
2294,"P06_002","SP0242"
2295,"P06_002","SP0243"
2296,"P06_002","SP0244"
2297,"P06_002","SP0245"
2298,"P06_002","SP0246"
2299,"P06_002","SP0247"
2300,"P06_002","SP0248"
2301,"P06_002","SP0249"
2302,"P06_002","SP0250"
2303,"P06_002","SP0252"
2304,"P06_002","SP0253"
2305,"P06_002","SP0254"
2306,"P06_002","SP0255"
2307,"P06_002","SP0256"
2308,"P06_002","SP0257"
2309,"P06_002","SP0258"
2310,"P06_002","SP0259"
2311,"P06_002","SP0260"
2312,"P06_002","SP0261"
2313,"P06_002","SP0262"
2314,"P06_002","SP0263"
2315,"P06_002","SP0264"
2316,"P06_002","SP0265"
2317,"P06_002","SP0266"
2318,"P06_002","SP0267"
2319,"P06_002","SP0269"
2320,"P06_002","SP0270"
2321,"P06_002","SP0271"
2322,"P06_002","SP0272"
2323,"P06_002","SP0273"
2324,"P06_002","SP0274"
2325,"P06_002","SP0275"
2326,"P06_002","SP0276"
2327,"P06_002","SP0277"
2328,"P06_002","SP0278"
2329,"P06_002","SP0279"
2330,"P06_002","SP0280"
2331,"P06_002","SP0281"
2332,"P06_002","SP0282"
2333,"P06_002","SP0283"
2334,"P06_002","SP0284"
2335,"P06_002","SP0285"
2336,"P06_002","SP0286"
2337,"P06_002","SP0287"
2338,"P06_002","SP0288"
2339,"P06_002","SP0289"
2340,"P06_002","SP0290"
2341,"P06_002","SP0291"
2342,"P06_002","SP0293"
2343,"P06_002","SP0294"
2344,"P06_002","SP0295"
2345,"P06_002","SP0296"
2346,"P06_002","SP0297"
2347,"P06_002","SP0298"
2348,"P06_002","SP0299"
2349,"P06_002","SP0300"
2350,"P06_002","SP0301"
2351,"P06_002","SP0302"
2352,"P06_002","SP0303"
2353,"P06_002","SP0304"
2354,"P06_002","SP0306"
2355,"P06_002","SP0307"
2356,"P06_002","SP0308"
2357,"P06_002","SP0309"
2358,"P06_002","SP0310"
2359,"P06_002","SP0311"
2360,"P06_002","SP0312"
2361,"P06_002","SP0314"
2362,"P06_002","SP0315"
2363,"P06_002","SP0316"
2364,"P06_002","SP0318"
2365,"P06_002","SP0319"
2366,"P06_002","SP0321"
2367,"P06_002","SP0322"
2368,"P06_002","SP0324"
2369,"P06_002","SP0331"
2370,"P06_002","SP0337"
2371,"P06_002","SP0343"
2372,"P06_002","SP0344"
2373,"P06_002","SP0346"
2374,"P06_002","SP0347"
2375,"P06_002","SP0349"
2376,"P06_002","SP0354"
2377,"P06_002","SP0358"
2378,"P06_002","SP0362"
2379,"P06_002","SP0379"
2380,"P06_002","SP0380"
2381,"P06_002","SP0381"
2382,"P06_002","SP0382"
2383,"P06_002","SP0383"
2384,"P06_002","SP0384"
2385,"P06_002","SP0393"
2386,"P06_002","SP0395"
2387,"P06_002","SP0398"
2388,"P06_002","SP0399"
2389,"P06_002","SP0400"
2390,"P06_002","SP0401"
2391,"P06_002","SP0402"
2392,"P06_002","SP0403"
2393,"P06_002","SP0404"
2394,"P06_002","SP0405"
2395,"P06_002","SP0406"
2396,"P06_002","SP0407"
2397,"P06_002","SP0408"
2398,"P06_002","SP0409"
2399,"P06_002","SP0410"
2400,"P06_002","SP0411"
2401,"P06_002","SP0412"
2402,"P06_002","SP0413"
2403,"P06_002","SP0414"
2404,"P06_002","SP0415"
2405,"P06_002","SP0416"
2406,"P06_002","SP0417"
2407,"P06_002","SP0418"
2408,"P06_002","SP0419"
2409,"P06_002","SP0420"
2410,"P06_002","SP0421"
2411,"P06_002","SP0422"
2412,"P06_002","SP0423"
2413,"P06_002","SP0424"
2414,"P06_002","SP0425"
2415,"P06_002","SP0426"
2416,"P06_002","SP0427"
2417,"P06_002","SP0428"
2418,"P06_002","SP0429"
2419,"P06_002","SP0430"
2420,"P06_002","SP0431"
2421,"P06_002","SP0432"
2422,"P06_002","SP0433"
2423,"P06_002","SP0434"
2424,"P06_002","SP0435"
2425,"P06_002","SP0436"
2426,"P06_002","SP0437"
2427,"P06_002","SP0438"
2428,"P06_002","SP0442"
2429,"P06_002","SP0445"
2430,"P06_002","SP0446"
2431,"P06_002","SP0447"
2432,"P06_002","SP0448"
2433,"P06_002","SP0455"
2434,"P06_002","SP0456"
2435,"P06_002","SP0457"
2436,"P06_002","WL0001"
2437,"P06_002","WL0002"
2438,"P06_002","WL0003"
2439,"P06_002","WL0004"
2440,"P06_002","WL0005"
2441,"P06_002","WL0006"
2442,"P06_002","WL0007"
2443,"P06_002","WL0008"
2444,"P06_002","WL0009"
2445,"P06_002","WL0010"
2446,"P06_002","WL0011"
2447,"P06_002","WL0012"
2448,"P06_002","WL0013"
2449,"P06_002","WL0014"
2450,"P06_002","WL0015"
2451,"P06_002","WL0016"
2452,"P06_002","WL0017"
2453,"P06_002","WL0018"
2454,"P06_002","WL0019"
2455,"P06_002","WL0020"
2456,"P06_002","WL0021"
2457,"P06_002","WL0022"
2458,"P06_002","WL0023"
2459,"P06_002","WL0024"
2460,"P06_002","WL0025"
2461,"P06_002","WL0026"
2462,"P06_002","WL0027"
2463,"P06_002","WL0028"
2464,"P06_002","WL0029"
2465,"P06_002","WL0030"
2466,"P06_002","WL0031"
2467,"P06_002","WL0032"
2468,"P06_002","WL0033"
2469,"P06_002","WL0034"
2470,"P06_002","WL0035"
2471,"P06_002","WL0036"
2472,"P06_002","WL0037"
2473,"P06_002","WL0038"
2474,"P06_002","WL0039"
2475,"P06_002","WL0040"
2476,"P06_002","WL0041"
2477,"P06_002","WL0042"
2478,"P06_002","WL0043"
2479,"P06_002","WL0044"
2480,"P06_002","WL0045"
2481,"P06_002","WL0046"
2482,"P06_002","WL0047"
2483,"P06_002","WL0048"
2484,"P06_002","WL0049"
2485,"P06_002","WL0050"
2486,"P06_002","WL0051"
2487,"P06_002","WL0052"
2488,"P06_002","WL0053"
2489,"P06_002","WL0054"
2490,"P06_002","WL0055"
2491,"P06_002","WL0056"
2492,"P06_002","WL0057"
2493,"P06_002","WL0058"
2494,"P06_002","WL0059"
2495,"P06_002","WL0060"
2496,"P06_002","WL0061"
2497,"P06_002","WL0062"
2498,"P06_002","WL0063"
2499,"P06_002","WL0064"
2500,"P06_002","WL0065"
2501,"P06_002","WL0066"
2502,"P06_002","WL0067"
2503,"P06_002","WL0068"
2504,"P06_002","WL0069"
2505,"P06_002","WL0070"
2506,"P06_002","WL0071"
2507,"P06_002","WL0072"
2508,"P06_002","WL0073"
2509,"P06_002","WL0074"
2510,"P06_002","WL0075"
2511,"P06_002","WL0076"
2512,"P06_002","WL0077"
2513,"P06_002","WL0078"
2514,"P06_002","WL0079"
2515,"P06_002","WL0080"
2516,"P06_002","WL0081"
2517,"P06_002","WL0082"
2518,"P06_002","WL0083"
2519,"P06_002","WL0084"
2520,"P06_002","WL0085"
2521,"P06_002","WL0086"
2522,"P06_002","WL0087"
2523,"P06_002","WL0088"
2524,"P06_002","WL0089"
2525,"P06_002","WL0090"
2526,"P06_002","WL0091"
2527,"P06_002","WL0092"
2528,"P06_002","WL0093"
2529,"P06_002","WL0094"
2530,"P06_002","WL0095"
2531,"P06_002","WL0096"
2532,"P06_002","WL0097"
2533,"P06_002","WL0098"
2534,"P06_002","WL0099"
2535,"P06_002","WL0100"
2536,"P06_002","WL0101"
2537,"P06_002","WL0102"
2538,"P06_002","WL0103"
2539,"P06_002","WL0104"
2540,"P06_002","WL0105"
2541,"P06_002","WL0106"
2542,"P06_002","WL0108"
2543,"P06_002","WL0109"
2544,"P06_002","WL0110"
2545,"P06_002","WL0111"
2546,"P06_002","WL0112"
2547,"P06_002","WL0113"
2548,"P06_002","WL0114"
2549,"P06_002","WL0115"
2550,"P06_002","WL0116"
2551,"P06_002","WL0117"
2552,"P06_002","WL0118"
2553,"P06_002","WL0119"
2554,"P06_002","WL0120"
2555,"P06_002","WL0121"
2556,"P06_002","WL0122"
2557,"P06_002","WL0123"
2558,"P06_002","WL0124"
2559,"P06_002","WL0125"
2560,"P06_002","WL0126"
2561,"P06_002","WL0127"
2562,"P06_002","WL0128"
2563,"P06_002","WL0129"
2564,"P06_002","WL0130"
2565,"P06_002","WL0131"
2566,"P06_002","WL0132"
2567,"P06_002","WL0133"
2568,"P06_002","WL0134"
2569,"P06_002","WL0135"
2570,"P06_002","WL0136"
2571,"P06_002","WL0137"
2572,"P06_002","WL0138"
2573,"P06_002","WL0139"
2574,"P06_002","WL0140"
2575,"P06_002","WL0141"
2576,"P06_002","WL0142"
2577,"P06_002","WL0143"
2578,"P06_002","WL0144"
2579,"P06_002","WL0145"
2580,"P06_002","WL0146"
2581,"P06_002","WL0147"
2582,"P06_002","WL0148"
2583,"P06_002","WL0149"
2584,"P06_002","WL0150"
2585,"P06_002","WL0151"
2586,"P06_002","WL0152"
2587,"P06_002","WL0153"
2588,"P06_002","WL0154"
2589,"P06_002","WL0155"
2590,"P06_002","WL0156"
2591,"P06_002","WL0157"
2592,"P06_002","WL0158"
2593,"P06_002","WL0159"
2594,"P06_002","WL0160"
2595,"P06_002","WL0161"
2596,"P06_002","WL0162"
2597,"P06_002","WL0163"
2598,"P06_002","WL0164"
2599,"P06_002","WL0165"
2600,"P06_002","WL0166"
2601,"P06_002","WL0167"
2602,"P06_002","WL0168"
2603,"P06_002","WL0170"
2604,"P06_002","WL0171"
2605,"P06_002","WL0172"
2606,"P06_002","WL0173"
2607,"P06_002","WL0174"
2608,"P06_002","WL0175"
2609,"P06_002","WL0176"
2610,"P06_002","WL0177"
2611,"P06_002","WL0178"
2612,"P06_002","WL0179"
2613,"P06_002","WL0180"
2614,"P06_002","WL0181"
2615,"P06_002","WL0182"
2616,"P06_002","WL0183"
2617,"P06_002","WL0184"
2618,"P06_002","WL0185"
2619,"P06_002","WL0186"
2620,"P06_002","WL0187"
2621,"P06_002","WL0188"
2622,"P06_002","WL0189"
2623,"P06_002","WL0190"
2624,"P06_002","WL0191"
2625,"P06_002","WL0192"
2626,"P06_002","WL0193"
2627,"P06_002","WL0194"
2628,"P06_002","WL0195"
2629,"P06_002","WL0196"
2630,"P06_002","WL0197"
2631,"P06_002","WL0198"
2632,"P06_002","WL0199"
2633,"P06_002","WL0200"
2634,"P06_002","WL0201"
2635,"P06_002","WL0202"
2636,"P06_002","WL0203"
2637,"P06_002","WL0204"
2638,"P06_002","WL0205"
2639,"P06_002","WL0206"
2640,"P06_002","WL0207"
2641,"P06_002","WL0208"
2642,"P06_002","WL0209"
2643,"P06_002","WL0210"
2644,"P06_002","WL0211"
2645,"P06_002","WL0212"
2646,"P06_002","WL0213"
2647,"P06_002","WL0214"
2648,"P06_002","WL0215"
2649,"P06_002","WL0216"
2650,"P06_002","WL0217"
2651,"P06_002","WL0218"
2652,"P06_002","WL0219"
2653,"P06_002","WL0220"
2654,"P06_002","WL0221"
2655,"P06_002","WL0222"
2656,"P06_002","WL0223"
2657,"P06_002","WL0224"
2658,"P06_002","WL0225"
2659,"P06_002","WL0226"
2660,"P06_002","WL0227"
2661,"P06_002","WL0228"
2662,"P06_002","WL0229"
2663,"P06_002","WL0230"
2664,"P06_002","WL0231"
2665,"P06_002","WL0232"
2666,"P06_002","WL0233"
2667,"P06_002","WL0234"
2668,"P06_002","WL0235"
2669,"P06_002","WL0236"
2670,"P06_002","WL0237"
2671,"P06_002","WL0238"
2672,"P06_002","WL0239"
2673,"P06_002","WL0240"
2674,"P06_002","WL0241"
2675,"P06_002","WL0242"
2676,"P06_002","WL0243"
2677,"P06_002","WL0244"
2678,"P06_002","WL0245"
2679,"P06_002","WL0246"
2680,"P06_002","WL0247"
2681,"P06_002","WL0248"
2682,"P06_002","WL0249"
2683,"P06_002","WL0250"
2684,"P06_002","WL0251"
2685,"P06_002","WL0252"
2686,"P06_002","WL0253"
2687,"P06_002","WL0254"
2688,"P06_002","WL0255"
2689,"P06_002","WL0256"
2690,"P06_002","WL0257"
2691,"P06_002","WL0258"
2692,"P06_002","WL0259"
2693,"P06_002","WL0260"
2694,"P06_002","WL0261"
2695,"P06_002","WL0262"
2696,"P06_002","WL0263"
2697,"P06_002","WL0264"
2698,"P06_002","WL0265"
2699,"P06_002","WL0266"
2700,"P06_002","WL0267"
2701,"P06_002","WL0268"
2702,"P06_002","WL0269"
2703,"P06_002","WL0270"
2704,"P06_002","WL0271"
2705,"P06_002","WL0272"
2706,"P06_002","WL0273"
2707,"P06_002","WL0274"
2708,"P06_002","WL0275"
2709,"P06_002","WL0276"
2710,"P06_002","WL0277"
2711,"P06_002","WL0278"
2712,"P06_002","WL0279"
2713,"P06_002","WL0280"
2714,"P06_002","WL0281"
2715,"P06_002","WL0282"
2716,"P06_002","WL0283"
2717,"P06_002","WL0284"
2718,"P06_002","WL0285"
2719,"P06_002","WL0286"
2720,"P06_002","WL0287"
2721,"P06_002","WL0288"
2722,"P06_002","WL0289"
2723,"P06_002","WL0290"
2724,"P06_002","WL0291"
2725,"P06_002","WL0292"
2726,"P06_002","WL0293"
2727,"P06_002","WL0294"
2728,"P06_002","WL0295"
2729,"P06_002","WL0296"
2730,"P06_002","WL0297"
2731,"P06_002","WL0298"
2732,"P06_002","WL0299"
2733,"P06_002","WL0300"
2734,"P06_002","WL0301"

The free trial of MDB ACCDB Viewer exports only half of the records in each table.
